Date,seconds,discharge-cms
2008-06-01 00:00:00,0.0,7.900400312999999
2008-06-01 01:00:00,,7.82955409906262
2008-06-01 02:00:00,,7.758707885125243
2008-06-01 03:00:00,,7.687861671187864
2008-06-01 04:00:00,,7.617015457250487
2008-06-01 05:00:00,,7.546169243313108
2008-06-01 06:00:00,,7.47532302937573
2008-06-01 07:00:00,,7.404476815438352
2008-06-01 08:00:00,,7.333630601500974
2008-06-01 09:00:00,,7.262784387563596
2008-06-01 10:00:00,,7.191938173626218
2008-06-01 11:00:00,,7.121091959688839
2008-06-01 12:00:00,,7.050245745751462
2008-06-01 13:00:00,,6.979399531814083
2008-06-01 14:00:00,,6.908553317876706
2008-06-01 15:00:00,,6.837707103939327
2008-06-01 16:00:00,,6.766860890001949
2008-06-01 17:00:00,,6.696014676064571
2008-06-01 18:00:00,,6.625168462127193
2008-06-01 19:00:00,,6.554322248189815
2008-06-01 20:00:00,,6.483476034252437
2008-06-01 21:00:00,,6.4126298203150585
2008-06-01 22:00:00,,6.341783606377681
2008-06-01 23:00:00,,6.2709373924403025
2008-06-02 00:00:00,,6.200091178502925
2008-06-02 01:00:00,,6.1292449645655465
2008-06-02 02:00:00,,6.058398750628168
2008-06-02 03:00:00,,5.9875525366907905
2008-06-02 04:00:00,101452.6329,5.916706322753412
2008-06-02 05:00:00,,5.82789094159908
2008-06-02 06:00:00,,5.739075560444747
2008-06-02 07:00:00,,5.650260179290415
2008-06-02 08:00:00,,5.561444798136082
2008-06-02 09:00:00,,5.47262941698175
2008-06-02 10:00:00,,5.383814035827418
2008-06-02 11:00:00,,5.294998654673085
2008-06-02 12:00:00,,5.206183273518753
2008-06-02 13:00:00,,5.11736789236442
2008-06-02 14:00:00,,5.028552511210088
2008-06-02 15:00:00,,4.9397371300557555
2008-06-02 16:00:00,,4.850921748901422
2008-06-02 17:00:00,,4.76210636774709
2008-06-02 18:00:00,,4.673290986592757
2008-06-02 19:00:00,,4.584475605438425
2008-06-02 20:00:00,,4.495660224284093
2008-06-02 21:00:00,,4.40684484312976
2008-06-02 22:00:00,,4.318029461975428
2008-06-02 23:00:00,,4.229214080821095
2008-06-03 00:00:00,174725.7764,4.140398699666763
2008-06-03 01:00:00,,4.213398001179254
2008-06-03 02:00:00,181621.1692,4.286397302691745
2008-06-03 03:00:00,,4.195848273026334
2008-06-03 04:00:00,188993.6787,4.105299243360923
2008-06-03 05:00:00,,5.338750615734708
2008-06-03 06:00:00,195724.4616,6.5722019881084925
2008-06-03 07:00:00,200350.8495,30.213448822677403
2008-06-03 08:00:00,,32.92873198123753
2008-06-03 09:00:00,208478.5389,35.64401513979766
2008-06-03 10:00:00,,37.46137216664216
2008-06-03 11:00:00,215711.909,39.27872919348666
2008-06-03 12:00:00,,41.88053760199851
2008-06-03 13:00:00,222577.039,44.48234601051036
2008-06-03 14:00:00,,47.65973082667738
2008-06-03 15:00:00,229188.9896,50.8371156428444
2008-06-03 16:00:00,,54.34944286666737
2008-06-03 17:00:00,235591.6654,57.861770090490324
2008-06-03 18:00:00,,61.552905103863935
2008-06-03 19:00:00,241812.0856,65.24404011723755
2008-06-03 20:00:00,247872.025,72.81317837676777
2008-06-03 21:00:00,,76.62791788393963
2008-06-03 22:00:00,253786.4309,80.44265739111151
2008-06-03 23:00:00,,84.27668611663397
2008-06-04 00:00:00,259594.7153,88.11071484215643
2008-06-04 01:00:00,,92.53671491678713
2008-06-04 02:00:00,267354.677,96.96271499141784
2008-06-04 03:00:00,,98.76221947502313
2008-06-04 04:00:00,,100.56172395862842
2008-06-04 05:00:00,278871.4485,102.36122844223371
2008-06-04 06:00:00,,100.84449043517945
2008-06-04 07:00:00,,99.3277524281252
2008-06-04 08:00:00,,97.81101442107095
2008-06-04 09:00:00,,96.2942764140167
2008-06-04 10:00:00,,94.77753840696244
2008-06-04 11:00:00,,93.26080039990818
2008-06-04 12:00:00,,91.74406239285392
2008-06-04 13:00:00,,90.22732438579968
2008-06-04 14:00:00,,88.71058637874542
2008-06-04 15:00:00,315238.2874,87.19384837169116
2008-06-04 16:00:00,,84.35543166252272
2008-06-04 17:00:00,,81.51701495335428
2008-06-04 18:00:00,,78.67859824418582
2008-06-04 19:00:00,,75.84018153501738
2008-06-04 20:00:00,,73.00176482584894
2008-06-04 21:00:00,,70.1633481166805
2008-06-04 22:00:00,,67.32493140751204
2008-06-04 23:00:00,,64.4865146983436
2008-06-05 00:00:00,,61.648097989175156
2008-06-05 01:00:00,,58.809681280006714
2008-06-05 02:00:00,,55.971264570838265
2008-06-05 03:00:00,,53.13284786166982
2008-06-05 04:00:00,,50.294431152501375
2008-06-05 05:00:00,366742.3424,47.45601444333293
2008-06-05 06:00:00,,46.42684081577399
2008-06-05 07:00:00,,45.39766718821506
2008-06-05 08:00:00,,44.36849356065612
2008-06-05 09:00:00,,43.33931993309718
2008-06-05 10:00:00,,42.31014630553824
2008-06-05 11:00:00,,41.28097267797931
2008-06-05 12:00:00,,40.25179905042037
2008-06-05 13:00:00,,39.22262542286143
2008-06-05 14:00:00,,38.19345179530249
2008-06-05 15:00:00,,37.164278167743554
2008-06-05 16:00:00,,36.135104540184614
2008-06-05 17:00:00,,35.105930912625674
2008-06-05 18:00:00,,34.07675728506673
2008-06-05 19:00:00,,33.0475836575078
2008-06-05 20:00:00,,32.01841002994886
2008-06-05 21:00:00,,30.98923640238992
2008-06-05 22:00:00,428279.7917,29.960062774830984
2008-06-05 23:00:00,,29.38621434867138
2008-06-06 00:00:00,,28.81236592251178
2008-06-06 01:00:00,,28.238517496352177
2008-06-06 02:00:00,,27.664669070192573
2008-06-06 03:00:00,,27.090820644032974
2008-06-06 04:00:00,,26.51697221787337
2008-06-06 05:00:00,,25.943123791713766
2008-06-06 06:00:00,,25.369275365554167
2008-06-06 07:00:00,,24.795426939394563
2008-06-06 08:00:00,,24.22157851323496
2008-06-06 09:00:00,,23.64773008707536
2008-06-06 10:00:00,468144.5135,23.073881660915756
2008-06-06 11:00:00,,22.89163592493477
2008-06-06 12:00:00,,22.709390188953783
2008-06-06 13:00:00,,22.5271444529728
2008-06-06 14:00:00,,22.344898716991814
2008-06-06 15:00:00,,22.16265298101083
2008-06-06 16:00:00,,21.98040724502984
2008-06-06 17:00:00,,21.798161509048857
2008-06-06 18:00:00,499070.7747,21.615915773067872
2008-06-06 19:00:00,,21.490331995616977
2008-06-06 20:00:00,,21.364748218166078
2008-06-06 21:00:00,,21.239164440715182
2008-06-06 22:00:00,,21.113580663264287
2008-06-06 23:00:00,,20.987996885813388
2008-06-07 00:00:00,,20.862413108362492
2008-06-07 01:00:00,,20.736829330911593
2008-06-07 02:00:00,,20.611245553460698
2008-06-07 03:00:00,,20.485661776009803
2008-06-07 04:00:00,,20.360077998558904
2008-06-07 05:00:00,,20.234494221108008
2008-06-07 06:00:00,,20.108910443657113
2008-06-07 07:00:00,,19.983326666206214
2008-06-07 08:00:00,549297.7913,19.85774288875532
2008-06-07 09:00:00,,19.45990588582831
2008-06-07 10:00:00,,19.062068882901297
2008-06-07 11:00:00,,18.664231879974288
2008-06-07 12:00:00,,18.26639487704728
2008-06-07 13:00:00,,17.86855787412027
2008-06-07 14:00:00,,17.470720871193258
2008-06-07 15:00:00,,17.07288386826625
2008-06-07 16:00:00,,16.67504686533924
2008-06-07 17:00:00,,16.27720986241223
2008-06-07 18:00:00,,15.87937285948522
2008-06-07 19:00:00,,15.48153585655821
2008-06-07 20:00:00,,15.083698853631201
2008-06-07 21:00:00,,14.68586185070419
2008-06-07 22:00:00,,14.288024847777182
2008-06-07 23:00:00,,13.890187844850171
2008-06-08 00:00:00,,13.49235084192316
2008-06-08 01:00:00,611820.0407,13.094513838996152
2008-06-08 02:00:00,,12.876567469587876
2008-06-08 03:00:00,,12.6586211001796
2008-06-08 04:00:00,,12.440674730771326
2008-06-08 05:00:00,625418.023,12.22272836136305
2008-06-08 06:00:00,,12.645637903580791
2008-06-08 07:00:00,,13.068547445798535
2008-06-08 08:00:00,636935.3218,13.491456988016276
2008-06-08 09:00:00,,14.229110298464779
2008-06-08 10:00:00,,14.96676360891328
2008-06-08 11:00:00,,15.704416919361782
2008-06-08 12:00:00,648005.2909,16.442070229810284
2008-06-08 13:00:00,,18.443174991459518
2008-06-08 14:00:00,658732.1557,20.444279753108752
2008-06-08 15:00:00,,21.94454511117575
2008-06-08 16:00:00,,23.444810469242746
2008-06-08 17:00:00,669220.5515,24.945075827309743
2008-06-08 18:00:00,,26.515046720496905
2008-06-08 19:00:00,,28.085017613684062
2008-06-08 20:00:00,679486.1245,29.654988506871224
2008-06-08 21:00:00,,31.24797416912019
2008-06-08 22:00:00,,32.84095983136916
2008-06-08 23:00:00,689529.4326,34.433945493618126
2008-06-09 00:00:00,,36.13715162797088
2008-06-09 01:00:00,,37.840357762323634
2008-06-09 02:00:00,700259.4203,39.54356389667639
2008-06-09 03:00:00,,41.082881349874
2008-06-09 04:00:00,,42.62219880307161
2008-06-09 05:00:00,711521.1803,44.16151625626922
2008-06-09 06:00:00,,45.48888755967203
2008-06-09 07:00:00,,46.81625886307483
2008-06-09 08:00:00,722832.0048,48.143630166477635
2008-06-09 09:00:00,,49.334266711802556
2008-06-09 10:00:00,,50.52490325712748
2008-06-09 11:00:00,734139.6004,51.7155398024524
2008-06-09 12:00:00,,52.540582536529485
2008-06-09 13:00:00,,53.365625270606564
2008-06-09 14:00:00,,54.19066800468365
2008-06-09 15:00:00,745411.6882,55.01571073876073
2008-06-09 16:00:00,,56.054781170080126
2008-06-09 17:00:00,,57.093851601399514
2008-06-09 18:00:00,756627.0776,58.13292203271891
2008-06-09 19:00:00,,59.12945356352001
2008-06-09 20:00:00,,60.1259850943211
2008-06-09 21:00:00,767770.6116,61.1225166251222
2008-06-09 22:00:00,,62.10806685321294
2008-06-09 23:00:00,,63.093617081303684
2008-06-10 00:00:00,779051.7702,64.07916730939442
2008-06-10 01:00:00,,64.3194937404031
2008-06-10 02:00:00,,64.55982017141177
2008-06-10 03:00:00,,64.80014660242045
2008-06-10 04:00:00,,65.04047303342914
2008-06-10 05:00:00,,65.28079946443782
2008-06-10 06:00:00,,65.52112589544649
2008-06-10 07:00:00,803389.225,65.76145232645517
2008-06-10 08:00:00,,64.45038674280595
2008-06-10 09:00:00,,63.13932115915672
2008-06-10 10:00:00,,61.8282555755075
2008-06-10 11:00:00,,60.51718999185828
2008-06-10 12:00:00,,59.20612440820906
2008-06-10 13:00:00,,57.89505882455983
2008-06-10 14:00:00,,56.58399324091061
2008-06-10 15:00:00,,55.272927657261384
2008-06-10 16:00:00,,53.96186207361216
2008-06-10 17:00:00,,52.650796489962936
2008-06-10 18:00:00,,51.33973090631372
2008-06-10 19:00:00,,50.028665322664494
2008-06-10 20:00:00,,48.71759973901527
2008-06-10 21:00:00,855423.1775,47.406534155366046
2008-06-10 22:00:00,,46.24187779283932
2008-06-10 23:00:00,,45.07722143031259
2008-06-11 00:00:00,,43.912565067785856
2008-06-11 01:00:00,,42.74790870525913
2008-06-11 02:00:00,,41.5832523427324
2008-06-11 03:00:00,,40.41859598020567
2008-06-11 04:00:00,,39.253939617678945
2008-06-11 05:00:00,,38.08928325515221
2008-06-11 06:00:00,,36.92462689262548
2008-06-11 07:00:00,,35.759970530098755
2008-06-11 08:00:00,,34.59531416757203
2008-06-11 09:00:00,,33.43065780504529
2008-06-11 10:00:00,,32.266001442518565
2008-06-11 11:00:00,,31.101345079991837
2008-06-11 12:00:00,,29.93668871746511
2008-06-11 13:00:00,,28.77203235493838
2008-06-11 14:00:00,,27.60737599241165
2008-06-11 15:00:00,919738.7098,26.44271962988492
2008-06-11 16:00:00,,25.737455323167698
2008-06-11 17:00:00,,25.032191016450476
2008-06-11 18:00:00,,24.326926709733254
2008-06-11 19:00:00,,23.621662403016032
2008-06-11 20:00:00,,22.91639809629881
2008-06-11 21:00:00,,22.211133789581588
2008-06-11 22:00:00,,21.50586948286437
2008-06-11 23:00:00,,20.800605176147148
2008-06-12 00:00:00,,20.095340869429926
2008-06-12 01:00:00,,19.390076562712704
2008-06-12 02:00:00,,18.68481225599548
2008-06-12 03:00:00,,17.97954794927826
2008-06-12 04:00:00,,17.274283642561038
2008-06-12 05:00:00,,16.569019335843816
2008-06-12 06:00:00,,15.863755029126594
2008-06-12 07:00:00,,15.158490722409374
2008-06-12 08:00:00,,14.453226415692152
2008-06-12 09:00:00,,13.74796210897493
2008-06-12 10:00:00,987267.6007,13.042697802257708
2008-06-12 11:00:00,,12.783222513830417
2008-06-12 12:00:00,,12.523747225403126
2008-06-12 13:00:00,,12.264271936975835
2008-06-12 14:00:00,,12.004796648548544
2008-06-12 15:00:00,,11.745321360121252
2008-06-12 16:00:00,,11.485846071693963
2008-06-12 17:00:00,,11.226370783266672
2008-06-12 18:00:00,,10.966895494839381
2008-06-12 19:00:00,,10.70742020641209
2008-06-12 20:00:00,,10.447944917984799
2008-06-12 21:00:00,,10.188469629557508
2008-06-12 22:00:00,1032774.2807,9.928994341130217
2008-06-12 23:00:00,,9.832745095344105
2008-06-13 00:00:00,,9.736495849557993
2008-06-13 01:00:00,,9.640246603771882
2008-06-13 02:00:00,,9.543997357985772
2008-06-13 03:00:00,,9.44774811219966
2008-06-13 04:00:00,,9.351498866413548
2008-06-13 05:00:00,,9.255249620627437
2008-06-13 06:00:00,,9.159000374841325
2008-06-13 07:00:00,,9.062751129055213
2008-06-13 08:00:00,,8.966501883269103
2008-06-13 09:00:00,,8.870252637482992
2008-06-13 10:00:00,1074397.3229,8.77400339169688
2008-06-13 11:00:00,,8.76336909271583
2008-06-13 12:00:00,,8.752734793734781
2008-06-13 13:00:00,,8.742100494753732
2008-06-13 14:00:00,,8.731466195772683
2008-06-13 15:00:00,,8.720831896791633
2008-06-13 16:00:00,,8.710197597810582
2008-06-13 17:00:00,,8.699563298829533
2008-06-13 18:00:00,,8.688928999848484
2008-06-13 19:00:00,,8.678294700867434
2008-06-13 20:00:00,,8.667660401886385
2008-06-13 21:00:00,1115253.0257,8.657026102905336
2008-06-13 22:00:00,,8.66907400554497
2008-06-13 23:00:00,,8.681121908184604
2008-06-14 00:00:00,,8.693169810824239
2008-06-14 01:00:00,,8.705217713463872
2008-06-14 02:00:00,,8.717265616103507
2008-06-14 03:00:00,,8.72931351874314
2008-06-14 04:00:00,,8.741361421382775
2008-06-14 05:00:00,,8.753409324022408
2008-06-14 06:00:00,1147528.4229,8.765457226662043
2008-06-14 07:00:00,,8.83433640344725
2008-06-14 08:00:00,,8.903215580232457
2008-06-14 09:00:00,,8.972094757017663
2008-06-14 10:00:00,,9.04097393380287
2008-06-14 11:00:00,,9.109853110588077
2008-06-14 12:00:00,,9.178732287373283
2008-06-14 13:00:00,,9.24761146415849
2008-06-14 14:00:00,1175572.9452,9.316490640943696
2008-06-14 15:00:00,,9.42860445837909
2008-06-14 16:00:00,,9.540718275814484
2008-06-14 17:00:00,,9.652832093249877
2008-06-14 18:00:00,,9.76494591068527
2008-06-14 19:00:00,,9.877059728120663
2008-06-14 20:00:00,,9.989173545556058
2008-06-14 21:00:00,,10.101287362991451
2008-06-14 22:00:00,1202653.2124,10.213401180426844
2008-06-14 23:00:00,,10.326563311510766
2008-06-15 00:00:00,,10.439725442594687
2008-06-15 01:00:00,,10.552887573678609
2008-06-15 02:00:00,,10.66604970476253
2008-06-15 03:00:00,,10.779211835846452
2008-06-15 04:00:00,,10.892373966930375
2008-06-15 05:00:00,,11.005536098014296
2008-06-15 06:00:00,,11.118698229098218
2008-06-15 07:00:00,,11.23186036018214
2008-06-15 08:00:00,1238475.1945,11.34502249126606
2008-06-15 09:00:00,,11.234203662604651
2008-06-15 10:00:00,,11.12338483394324
2008-06-15 11:00:00,,11.01256600528183
2008-06-15 12:00:00,,10.90174717662042
2008-06-15 13:00:00,,10.79092834795901
2008-06-15 14:00:00,,10.680109519297599
2008-06-15 15:00:00,,10.569290690636189
2008-06-15 16:00:00,,10.458471861974779
2008-06-15 17:00:00,,10.34765303331337
2008-06-15 18:00:00,,10.236834204651958
2008-06-15 19:00:00,,10.126015375990548
2008-06-15 20:00:00,,10.015196547329138
2008-06-15 21:00:00,,9.904377718667728
2008-06-15 22:00:00,,9.793558890006317
2008-06-15 23:00:00,,9.682740061344907
2008-06-16 00:00:00,,9.571921232683497
2008-06-16 01:00:00,,9.461102404022087
2008-06-16 02:00:00,,9.350283575360676
2008-06-16 03:00:00,,9.239464746699266
2008-06-16 04:00:00,,9.128645918037856
2008-06-16 05:00:00,,9.017827089376446
2008-06-16 06:00:00,,8.907008260715035
2008-06-16 07:00:00,,8.796189432053625
2008-06-16 08:00:00,1326729.0285,8.685370603392215
2008-06-16 09:00:00,,8.539868718451965
2008-06-16 10:00:00,,8.394366833511715
2008-06-16 11:00:00,,8.248864948571462
2008-06-16 12:00:00,,8.103363063631212
2008-06-16 13:00:00,,7.957861178690962
2008-06-16 14:00:00,,7.812359293750712
2008-06-16 15:00:00,,7.666857408810461
2008-06-16 16:00:00,,7.52135552387021
2008-06-16 17:00:00,,7.37585363892996
2008-06-16 18:00:00,,7.2303517539897095
2008-06-16 19:00:00,,7.084849869049458
2008-06-16 20:00:00,,6.939347984109208
2008-06-16 21:00:00,,6.793846099168958
2008-06-16 22:00:00,,6.648344214228707
2008-06-16 23:00:00,,6.502842329288456
2008-06-17 00:00:00,,6.357340444348206
2008-06-17 01:00:00,,6.211838559407955
2008-06-17 02:00:00,,6.0663366744677045
2008-06-17 03:00:00,,5.920834789527454
2008-06-17 04:00:00,,5.775332904587203
2008-06-17 05:00:00,,5.629831019646953
2008-06-17 06:00:00,,5.4843291347067025
2008-06-17 07:00:00,,5.338827249766451
2008-06-17 08:00:00,1411314.278,5.193325364826201
2008-06-17 09:00:00,,5.140699175762222
2008-06-17 10:00:00,,5.088072986698244
2008-06-17 11:00:00,,5.035446797634266
2008-06-17 12:00:00,,4.982820608570287
2008-06-17 13:00:00,,4.930194419506308
2008-06-17 14:00:00,,4.87756823044233
2008-06-17 15:00:00,,4.8249420413783515
2008-06-17 16:00:00,,4.772315852314373
2008-06-17 17:00:00,,4.719689663250394
2008-06-17 18:00:00,,4.667063474186416
2008-06-17 19:00:00,,4.614437285122437
2008-06-17 20:00:00,,4.561811096058459
2008-06-17 21:00:00,,4.50918490699448
2008-06-17 22:00:00,,4.456558717930502
2008-06-17 23:00:00,1465938.0257,4.403932528866523
2008-06-18 00:00:00,,4.376052864746354
2008-06-18 01:00:00,,4.348173200626185
2008-06-18 02:00:00,,4.320293536506016
2008-06-18 03:00:00,,4.292413872385847
2008-06-18 04:00:00,,4.264534208265678
2008-06-18 05:00:00,,4.236654544145509
2008-06-18 06:00:00,,4.208774880025339
2008-06-18 07:00:00,,4.18089521590517
2008-06-18 08:00:00,,4.153015551785001
2008-06-18 09:00:00,,4.125135887664832
2008-06-18 10:00:00,,4.097256223544663
2008-06-18 11:00:00,,4.0693765594244935
2008-06-18 12:00:00,,4.041496895304324
2008-06-18 13:00:00,,4.013617231184155
2008-06-18 14:00:00,,3.9857375670639863
2008-06-18 15:00:00,,3.9578579029438172
2008-06-18 16:00:00,,3.9299782388236477
2008-06-18 17:00:00,,3.9020985747034787
2008-06-18 18:00:00,,3.8742189105833096
2008-06-18 19:00:00,,3.8463392464631405
2008-06-18 20:00:00,,3.8184595823429714
2008-06-18 21:00:00,,3.7905799182228024
2008-06-18 22:00:00,,3.7627002541026333
2008-06-18 23:00:00,,3.734820589982464
2008-06-19 00:00:00,,3.7069409258622947
2008-06-19 01:00:00,,3.6790612617421257
2008-06-19 02:00:00,,3.6511815976219566
2008-06-19 03:00:00,,3.6233019335017875
2008-06-19 04:00:00,,3.5954222693816185
2008-06-19 05:00:00,,3.567542605261449
2008-06-19 06:00:00,,3.53966294114128
2008-06-19 07:00:00,,3.511783277021111
2008-06-19 08:00:00,1584367.2135,3.4839036129009417
2008-06-19 09:00:00,,3.4484325181655233
2008-06-19 10:00:00,,3.412961423430105
2008-06-19 11:00:00,,3.377490328694687
2008-06-19 12:00:00,,3.3420192339592685
2008-06-19 13:00:00,,3.30654813922385
2008-06-19 14:00:00,,3.2710770444884316
2008-06-19 15:00:00,,3.235605949753013
2008-06-19 16:00:00,,3.200134855017595
2008-06-19 17:00:00,,3.1646637602821768
2008-06-19 18:00:00,,3.1291926655467583
2008-06-19 19:00:00,,3.09372157081134
2008-06-19 20:00:00,,3.0582504760759215
2008-06-19 21:00:00,,3.022779381340503
2008-06-19 22:00:00,,2.987308286605085
2008-06-19 23:00:00,,2.9518371918696666
2008-06-20 00:00:00,,2.916366097134248
2008-06-20 01:00:00,,2.88089500239883
2008-06-20 02:00:00,,2.8454239076634114
2008-06-20 03:00:00,,2.8099528129279934
2008-06-20 04:00:00,,2.774481718192575
2008-06-20 05:00:00,,2.7390106234571565
2008-06-20 06:00:00,,2.703539528721738
2008-06-20 07:00:00,,2.6680684339863197
2008-06-20 08:00:00,,2.6325973392509017
2008-06-20 09:00:00,,2.5971262445154832
2008-06-20 10:00:00,1678496.9295,2.561655149780065
2008-06-20 11:00:00,,2.562445507176334
2008-06-20 12:00:00,,2.5632358645726034
2008-06-20 13:00:00,,2.564026221968873
2008-06-20 14:00:00,,2.5648165793651425
2008-06-20 15:00:00,,2.565606936761412
2008-06-20 16:00:00,,2.566397294157681
2008-06-20 17:00:00,,2.567187651553951
2008-06-20 18:00:00,,2.56797800895022
2008-06-20 19:00:00,,2.5687683663464895
2008-06-20 20:00:00,,2.569558723742759
2008-06-20 21:00:00,,2.5703490811390286
2008-06-20 22:00:00,,2.571139438535298
2008-06-20 23:00:00,,2.5719297959315672
2008-06-21 00:00:00,,2.5727201533278365
2008-06-21 01:00:00,,2.5735105107241063
2008-06-21 02:00:00,,2.5743008681203756
2008-06-21 03:00:00,1739815.2763,2.575091225516645
2008-06-21 04:00:00,,2.5827341205463767
2008-06-21 05:00:00,,2.590377015576109
2008-06-21 06:00:00,,2.598019910605841
2008-06-21 07:00:00,,2.6056628056355726
2008-06-21 08:00:00,,2.613305700665305
2008-06-21 09:00:00,,2.6209485956950367
2008-06-21 10:00:00,,2.6285914907247685
2008-06-21 11:00:00,,2.6362343857545008
2008-06-21 12:00:00,,2.6438772807842326
2008-06-21 13:00:00,,2.6515201758139644
2008-06-21 14:00:00,,2.6591630708436966
2008-06-21 15:00:00,,2.6668059658734284
2008-06-21 16:00:00,,2.6744488609031607
2008-06-21 17:00:00,,2.6820917559328925
2008-06-21 18:00:00,,2.6897346509626243
2008-06-21 19:00:00,,2.6973775459923566
2008-06-21 20:00:00,,2.7050204410220884
2008-06-21 21:00:00,,2.71266333605182
2008-06-21 22:00:00,,2.7203062310815525
2008-06-21 23:00:00,,2.7279491261112843
2008-06-22 00:00:00,,2.735592021141016
2008-06-22 01:00:00,,2.7432349161707483
2008-06-22 02:00:00,,2.75087781120048
2008-06-22 03:00:00,,2.758520706230212
2008-06-22 04:00:00,,2.766163601259944
2008-06-22 05:00:00,1833165.9802,2.773806496289676
2008-06-22 06:00:00,,2.7659265793729286
2008-06-22 07:00:00,,2.7580466624561817
2008-06-22 08:00:00,,2.7501667455394343
2008-06-22 09:00:00,,2.7422868286226874
2008-06-22 10:00:00,,2.73440691170594
2008-06-22 11:00:00,,2.726526994789193
2008-06-22 12:00:00,,2.7186470778724456
2008-06-22 13:00:00,,2.7107671609556987
2008-06-22 14:00:00,,2.7028872440389513
2008-06-22 15:00:00,,2.6950073271222044
2008-06-22 16:00:00,,2.687127410205457
2008-06-22 17:00:00,,2.6792474932887096
2008-06-22 18:00:00,,2.6713675763719626
2008-06-22 19:00:00,,2.6634876594552153
2008-06-22 20:00:00,,2.6556077425384683
2008-06-22 21:00:00,,2.647727825621721
2008-06-22 22:00:00,,2.639847908704974
2008-06-22 23:00:00,,2.6319679917882266
2008-06-23 00:00:00,,2.6240880748714797
2008-06-23 01:00:00,,2.6162081579547323
2008-06-23 02:00:00,,2.6083282410379853
2008-06-23 03:00:00,,2.600448324121238
2008-06-23 04:00:00,,2.5925684072044906
2008-06-23 05:00:00,,2.5846884902877436
2008-06-23 06:00:00,,2.5768085733709962
2008-06-23 07:00:00,,2.5689286564542493
2008-06-23 08:00:00,,2.561048739537502
2008-06-23 09:00:00,,2.553168822620755
2008-06-23 10:00:00,,2.5452889057040076
2008-06-23 11:00:00,,2.5374089887872606
2008-06-23 12:00:00,1944142.5091,2.5295290718705132
2008-06-23 13:00:00,,2.520631317805399
2008-06-23 14:00:00,,2.511733563740285
2008-06-23 15:00:00,,2.5028358096751715
2008-06-23 16:00:00,,2.4939380556100574
2008-06-23 17:00:00,,2.4850403015449434
2008-06-23 18:00:00,,2.4761425474798293
2008-06-23 19:00:00,,2.4672447934147157
2008-06-23 20:00:00,,2.4583470393496016
2008-06-23 21:00:00,,2.4494492852844876
2008-06-23 22:00:00,,2.4405515312193735
2008-06-23 23:00:00,,2.43165377715426
2008-06-24 00:00:00,,2.422756023089146
2008-06-24 01:00:00,1993399.2581,2.4138582690240318
2008-06-24 02:00:00,,2.4435049875677537
2008-06-24 03:00:00,,2.4731517061114756
2008-06-24 04:00:00,2002946.7813,2.5027984246551975
2008-06-24 05:00:00,,2.813018463755168
2008-06-24 06:00:00,2012374.989,3.123238502855138
2008-06-24 07:00:00,,6.653093688183004
2008-06-24 08:00:00,2018817.2374,10.18294887351087
2008-06-24 09:00:00,,17.86077852104795
2008-06-24 10:00:00,,25.538608168585032
2008-06-24 11:00:00,2027340.2496,33.21643781612211
2008-06-24 12:00:00,,33.248741987755274
2008-06-24 13:00:00,2037378.348,33.28104615938844
2008-06-24 14:00:00,,33.95117667106585
2008-06-24 15:00:00,,34.621307182743266
2008-06-24 16:00:00,2046615.2384,35.29143769442068
2008-06-24 17:00:00,,37.04070255153206
2008-06-24 18:00:00,2055424.443,38.78996740864344
2008-06-24 19:00:00,,40.28711647244888
2008-06-24 20:00:00,,41.78426553625431
2008-06-24 21:00:00,2063903.3307,43.28141460005975
2008-06-24 22:00:00,,45.82565600771096
2008-06-24 23:00:00,2072109.9506,48.369897415362175
2008-06-25 00:00:00,,50.63478510463001
2008-06-25 01:00:00,2078653.6685,52.89967279389784
2008-06-25 02:00:00,2084206.1461,58.40615025333059
2008-06-25 03:00:00,,62.00407432270803
2008-06-25 04:00:00,2089494.0682,65.60199839208546
2008-06-25 05:00:00,2094583.8066,73.9636191072903
2008-06-25 06:00:00,,78.49696369379139
2008-06-25 07:00:00,2099508.4133,83.03030828029247
2008-06-25 08:00:00,2104290.2903,92.49018012973812
2008-06-25 09:00:00,2108946.4436,102.15766568958365
2008-06-25 10:00:00,,107.04447731619521
2008-06-25 11:00:00,2113490.7344,111.93128894280679
2008-06-25 12:00:00,2117933.8697,121.71414081669249
2008-06-25 13:00:00,2122285.7185,131.47364126108315
2008-06-25 14:00:00,2126554.5743,141.17281026360538
2008-06-25 15:00:00,2130748.8775,150.8325402658773
2008-06-25 16:00:00,,155.6231194085377
2008-06-25 17:00:00,2134875.3393,160.41369855119808
2008-06-25 18:00:00,2138938.0559,169.9033321608242
2008-06-25 19:00:00,2142943.9869,179.32797983568585
2008-06-25 20:00:00,2146896.1969,188.65293450260273
2008-06-25 21:00:00,2150798.6137,197.89133177521398
2008-06-25 22:00:00,2154655.1346,207.05341218473396
2008-06-25 23:00:00,2158469.5156,216.15564489208708
2008-06-26 00:00:00,2162616.5738,225.88635740963872
2008-06-26 01:00:00,,230.2188952931748
2008-06-26 02:00:00,2167896.6442,234.55143317671084
2008-06-26 03:00:00,,237.34041206369722
2008-06-26 04:00:00,2175332.5356,240.12939095068361
2008-06-26 05:00:00,,237.276485828939
2008-06-26 06:00:00,,234.42358070719436
2008-06-26 07:00:00,,231.57067558544975
2008-06-26 08:00:00,,228.71777046370514
2008-06-26 09:00:00,,225.86486534196052
2008-06-26 10:00:00,,223.01196022021588
2008-06-26 11:00:00,2200719.9378,220.15905509847127
2008-06-26 12:00:00,,212.84371733385765
2008-06-26 13:00:00,,205.52837956924407
2008-06-26 14:00:00,,198.21304180463045
2008-06-26 15:00:00,,190.89770404001686
2008-06-26 16:00:00,,183.58236627540325
2008-06-26 17:00:00,,176.26702851078966
2008-06-26 18:00:00,,168.95169074617604
2008-06-26 19:00:00,,161.63635298156245
2008-06-26 20:00:00,2235401.2491,154.32101521694884
2008-06-26 21:00:00,,149.59658177209462
2008-06-26 22:00:00,,144.87214832724038
2008-06-26 23:00:00,,140.14771488238617
2008-06-27 00:00:00,,135.42328143753195
2008-06-27 01:00:00,,130.69884799267774
2008-06-27 02:00:00,,125.97441454782351
2008-06-27 03:00:00,,121.24998110296929
2008-06-27 04:00:00,,116.52554765811506
2008-06-27 05:00:00,,111.80111421326085
2008-06-27 06:00:00,,107.07668076840662
2008-06-27 07:00:00,,102.3522473235524
2008-06-27 08:00:00,2276033.9659,97.62781387869818
2008-06-27 09:00:00,,94.03351556643413
2008-06-27 10:00:00,,90.4392172541701
2008-06-27 11:00:00,,86.84491894190606
2008-06-27 12:00:00,,83.25062062964201
2008-06-27 13:00:00,,79.65632231737797
2008-06-27 14:00:00,,76.06202400511394
2008-06-27 15:00:00,,72.4677256928499
2008-06-27 16:00:00,,68.87342738058585
2008-06-27 17:00:00,,65.27912906832182
2008-06-27 18:00:00,,61.68483075605778
2008-06-27 19:00:00,,58.090532443793734
2008-06-27 20:00:00,,54.4962341315297
2008-06-27 21:00:00,2325446.4682,50.90193581926566
2008-06-27 22:00:00,,49.44064345234331
2008-06-27 23:00:00,,47.97935108542096
2008-06-28 00:00:00,,46.518058718498615
2008-06-28 01:00:00,,45.056766351576265
2008-06-28 02:00:00,,43.595473984653914
2008-06-28 03:00:00,,42.134181617731564
2008-06-28 04:00:00,,40.67288925080921
2008-06-28 05:00:00,,39.21159688388687
2008-06-28 06:00:00,,37.75030451696452
2008-06-28 07:00:00,,36.28901215004217
2008-06-28 08:00:00,,34.82771978311982
2008-06-28 09:00:00,,33.36642741619747
2008-06-28 10:00:00,,31.90513504927512
2008-06-28 11:00:00,,30.443842682352773
2008-06-28 12:00:00,,28.982550315430423
2008-06-28 13:00:00,,27.521257948508072
2008-06-28 14:00:00,,26.059965581585725
2008-06-28 15:00:00,,24.598673214663375
2008-06-28 16:00:00,2393237.7946,23.137380847741028
2008-06-28 17:00:00,,22.650069269202124
2008-06-28 18:00:00,,22.162757690663224
2008-06-28 19:00:00,,21.67544611212432
2008-06-28 20:00:00,,21.18813453358542
2008-06-28 21:00:00,,20.700822955046515
2008-06-28 22:00:00,,20.21351137650761
2008-06-28 23:00:00,,19.72619979796871
2008-06-29 00:00:00,,19.238888219429807
2008-06-29 01:00:00,,18.751576640890907
2008-06-29 02:00:00,,18.264265062352003
2008-06-29 03:00:00,,17.7769534838131
2008-06-29 04:00:00,,17.2896419052742
2008-06-29 05:00:00,,16.802330326735294
2008-06-29 06:00:00,,16.315018748196394
2008-06-29 07:00:00,,15.82770716965749
2008-06-29 08:00:00,,15.340395591118588
2008-06-29 09:00:00,,14.853084012579684
2008-06-29 10:00:00,,14.365772434040782
2008-06-29 11:00:00,,13.87846085550188
2008-06-29 12:00:00,,13.391149276962977
2008-06-29 13:00:00,,12.903837698424075
2008-06-29 14:00:00,2469663.291,12.416526119885171
2008-06-29 15:00:00,,12.164212655205185
2008-06-29 16:00:00,,11.9118991905252
2008-06-29 17:00:00,,11.659585725845213
2008-06-29 18:00:00,,11.407272261165229
2008-06-29 19:00:00,,11.154958796485243
2008-06-29 20:00:00,,10.902645331805257
2008-06-29 21:00:00,,10.65033186712527
2008-06-29 22:00:00,,10.398018402445285
2008-06-29 23:00:00,,10.145704937765299
2008-06-30 00:00:00,,9.893391473085314
2008-06-30 01:00:00,,9.641078008405328
2008-06-30 02:00:00,,9.388764543725342
2008-06-30 03:00:00,,9.136451079045356
2008-06-30 04:00:00,,8.88413761436537
2008-06-30 05:00:00,,8.631824149685384
2008-06-30 06:00:00,,8.3795106850054
2008-06-30 07:00:00,,8.127197220325414
2008-06-30 08:00:00,,7.874883755645428
2008-06-30 09:00:00,,7.622570290965442
2008-06-30 10:00:00,2542981.6817,7.370256826285456
2008-06-30 11:00:00,,7.258538613353191
2008-06-30 12:00:00,,7.146820400420927
2008-06-30 13:00:00,,7.035102187488661
2008-06-30 14:00:00,,6.923383974556397
2008-06-30 15:00:00,,6.811665761624131
2008-06-30 16:00:00,,6.699947548691867
2008-06-30 17:00:00,,6.588229335759602
2008-06-30 18:00:00,,6.476511122827336
2008-06-30 19:00:00,,6.364792909895072
2008-06-30 20:00:00,,6.253074696962806
2008-06-30 21:00:00,,6.141356484030542
2008-06-30 22:00:00,,6.0296382710982765
2008-06-30 23:00:00,,5.917920058166012
2008-07-01 00:00:00,,5.806201845233747
2008-07-01 01:00:00,,5.694483632301481
2008-07-01 02:00:00,,5.582765419369217
2008-07-01 03:00:00,,5.4710472064369515
2008-07-01 04:00:00,,5.359328993504687
2008-07-01 05:00:00,2610867.743,5.247610780572422
2008-07-01 06:00:00,,5.205034852855845
2008-07-01 07:00:00,,5.162458925139267
2008-07-01 08:00:00,,5.119882997422691
2008-07-01 09:00:00,,5.077307069706113
2008-07-01 10:00:00,,5.034731141989536
2008-07-01 11:00:00,,4.992155214272959
2008-07-01 12:00:00,,4.949579286556382
2008-07-01 13:00:00,,4.9070033588398045
2008-07-01 14:00:00,,4.864427431123228
2008-07-01 15:00:00,,4.821851503406651
2008-07-01 16:00:00,,4.7792755756900736
2008-07-01 17:00:00,,4.736699647973497
2008-07-01 18:00:00,,4.694123720256919
2008-07-01 19:00:00,,4.651547792540343
2008-07-01 20:00:00,,4.608971864823765
2008-07-01 21:00:00,,4.566395937107188
2008-07-01 22:00:00,,4.523820009390611
2008-07-01 23:00:00,2676551.1536,4.481244081674034
2008-07-02 00:00:00,,4.473889373006124
2008-07-02 01:00:00,,4.466534664338215
2008-07-02 02:00:00,,4.459179955670306
2008-07-02 03:00:00,2692389.2941,4.451825247002397
2008-07-02 04:00:00,,4.568256104605024
2008-07-02 05:00:00,,4.684686962207652
2008-07-02 06:00:00,,4.80111781981028
2008-07-02 07:00:00,2705050.5424,4.917548677412908
2008-07-02 08:00:00,,5.706179363186584
2008-07-02 09:00:00,,6.494810048960258
2008-07-02 10:00:00,2716579.8778,7.283440734733934
2008-07-02 11:00:00,,8.555219202509807
2008-07-02 12:00:00,,9.826997670285682
2008-07-02 13:00:00,2727613.7305,11.098776138061556
2008-07-02 14:00:00,,12.488957050977302
2008-07-02 15:00:00,,13.879137963893045
2008-07-02 16:00:00,2738952.149,15.269318876808791
2008-07-02 17:00:00,,16.727176216577742
2008-07-02 18:00:00,,18.185033556346692
2008-07-02 19:00:00,2750303.1421,19.64289089611564
2008-07-02 20:00:00,,20.75753486727869
2008-07-02 21:00:00,,21.872178838441737
2008-07-02 22:00:00,,22.98682280960478
2008-07-02 23:00:00,2761511.2505,24.10146678076783
2008-07-03 00:00:00,,25.73353718313251
2008-07-03 01:00:00,,27.365607585497184
2008-07-03 02:00:00,2774060.5579,28.997677987861863
2008-07-03 03:00:00,,29.64082141682072
2008-07-03 04:00:00,,30.283964845779582
2008-07-03 05:00:00,,30.92710827473844
2008-07-03 06:00:00,,31.570251703697302
2008-07-03 07:00:00,2792852.4457,32.21339513265616
2008-07-03 08:00:00,,31.779747132813693
2008-07-03 09:00:00,,31.346099132971226
2008-07-03 10:00:00,,30.91245113312876
2008-07-03 11:00:00,,30.47880313328629
2008-07-03 12:00:00,,30.045155133443824
2008-07-03 13:00:00,,29.611507133601357
2008-07-03 14:00:00,,29.17785913375889
2008-07-03 15:00:00,,28.744211133916423
2008-07-03 16:00:00,,28.310563134073956
2008-07-03 17:00:00,,27.876915134231492
2008-07-03 18:00:00,,27.443267134389025
2008-07-03 19:00:00,,27.009619134546558
2008-07-03 20:00:00,,26.57597113470409
2008-07-03 21:00:00,,26.142323134861623
2008-07-03 22:00:00,,25.708675135019156
2008-07-03 23:00:00,,25.27502713517669
2008-07-04 00:00:00,2852362.0007,24.841379135334222
2008-07-04 01:00:00,,24.31165214543517
2008-07-04 02:00:00,,23.78192515553611
2008-07-04 03:00:00,,23.252198165637058
2008-07-04 04:00:00,,22.722471175738004
2008-07-04 05:00:00,,22.192744185838947
2008-07-04 06:00:00,,21.663017195939894
2008-07-04 07:00:00,,21.133290206040837
2008-07-04 08:00:00,,20.603563216141783
2008-07-04 09:00:00,,20.07383622624273
2008-07-04 10:00:00,,19.544109236343672
2008-07-04 11:00:00,,19.01438224644462
2008-07-04 12:00:00,,18.484655256545565
2008-07-04 13:00:00,,17.954928266646508
2008-07-04 14:00:00,,17.425201276747455
2008-07-04 15:00:00,,16.8954742868484
2008-07-04 16:00:00,,16.365747296949344
2008-07-04 17:00:00,,15.83602030705029
2008-07-04 18:00:00,,15.306293317151235
2008-07-04 19:00:00,,14.77656632725218
2008-07-04 20:00:00,,14.246839337353126
2008-07-04 21:00:00,,13.717112347454071
2008-07-04 22:00:00,,13.187385357555016
2008-07-04 23:00:00,2936786.4718,12.657658367655962
2008-07-05 00:00:00,,12.38447848006388
2008-07-05 01:00:00,,12.111298592471798
2008-07-05 02:00:00,,11.838118704879715
2008-07-05 03:00:00,,11.564938817287633
2008-07-05 04:00:00,,11.29175892969555
2008-07-05 05:00:00,,11.018579042103468
2008-07-05 06:00:00,,10.745399154511386
2008-07-05 07:00:00,,10.472219266919305
2008-07-05 08:00:00,,10.199039379327223
2008-07-05 09:00:00,,9.92585949173514
2008-07-05 10:00:00,,9.652679604143058
2008-07-05 11:00:00,,9.379499716550976
2008-07-05 12:00:00,,9.106319828958894
2008-07-05 13:00:00,,8.833139941366811
2008-07-05 14:00:00,,8.559960053774729
2008-07-05 15:00:00,,8.286780166182647
2008-07-05 16:00:00,2997890.9442,8.013600278590564
2008-07-05 17:00:00,,7.887720192513161
2008-07-05 18:00:00,,7.7618401064357565
2008-07-05 19:00:00,,7.635960020358353
2008-07-05 20:00:00,,7.51007993428095
2008-07-05 21:00:00,,7.384199848203545
2008-07-05 22:00:00,,7.258319762126142
2008-07-05 23:00:00,,7.1324396760487385
2008-07-06 00:00:00,,7.006559589971334
2008-07-06 01:00:00,,6.880679503893931
2008-07-06 02:00:00,,6.754799417816527
2008-07-06 03:00:00,,6.628919331739123
2008-07-06 04:00:00,,6.50303924566172
2008-07-06 05:00:00,,6.377159159584316
2008-07-06 06:00:00,,6.251279073506913
2008-07-06 07:00:00,,6.1253989874295085
2008-07-06 08:00:00,,5.999518901352105
2008-07-06 09:00:00,,5.873638815274702
2008-07-06 10:00:00,,5.747758729197297
2008-07-06 11:00:00,3066066.2978,5.621878643119894
2008-07-06 12:00:00,,5.555824272915502
2008-07-06 13:00:00,,5.489769902711109
2008-07-06 14:00:00,,5.4237155325067175
2008-07-06 15:00:00,,5.357661162302325
2008-07-06 16:00:00,,5.291606792097933
2008-07-06 17:00:00,,5.22555242189354
2008-07-06 18:00:00,,5.159498051689148
2008-07-06 19:00:00,,5.093443681484756
2008-07-06 20:00:00,,5.027389311280364
2008-07-06 21:00:00,,4.961334941075972
2008-07-06 22:00:00,,4.895280570871579
2008-07-06 23:00:00,,4.829226200667187
2008-07-07 00:00:00,,4.763171830462794
2008-07-07 01:00:00,3114752.1351,4.6971174602584025
2008-07-07 02:00:00,,4.643558196654527
2008-07-07 03:00:00,3122602.2652,4.589998933050652
2008-07-07 04:00:00,,4.895027879824339
2008-07-07 05:00:00,3130392.3081,5.200056826598026
2008-07-07 06:00:00,,7.4211549417399985
2008-07-07 07:00:00,3136935.3037,9.642253056881971
2008-07-07 08:00:00,3142119.2674,21.525021877446083
2008-07-07 09:00:00,,31.359268318934173
2008-07-07 10:00:00,3148671.2348,41.19351476042226
2008-07-07 11:00:00,,41.89181624779667
2008-07-07 12:00:00,3156797.8969,42.59011773517108
2008-07-07 13:00:00,,43.69447631952785
2008-07-07 14:00:00,,44.798834903884625
2008-07-07 15:00:00,3164435.7476,45.9031934882414
2008-07-07 16:00:00,,48.275527948923006
2008-07-07 17:00:00,3171736.6597,50.64786240960461
2008-07-07 18:00:00,3178767.2511,56.32890534857681
2008-07-07 19:00:00,,59.452532781204056
2008-07-07 20:00:00,3185573.4498,62.5761602138313
2008-07-07 21:00:00,,65.85567517012055
2008-07-07 22:00:00,3192186.6305,69.13519012640978
2008-07-07 23:00:00,,72.58916161372017
2008-07-08 00:00:00,3198802.4117,76.04313310103055
2008-07-08 01:00:00,,79.7156798304497
2008-07-08 02:00:00,3206483.6706,83.38822655986884
2008-07-08 03:00:00,,86.37002921647019
2008-07-08 04:00:00,3214609.9141,89.35183187307152
2008-07-08 05:00:00,,90.97814302742857
2008-07-08 06:00:00,,92.60445418178563
2008-07-08 07:00:00,3223104.5816,94.23076533614268
2008-07-08 08:00:00,,96.28042892959431
2008-07-08 09:00:00,3231938.4686,98.33009252304593
2008-07-08 10:00:00,,99.50539247741246
2008-07-08 11:00:00,,100.68069243177897
2008-07-08 12:00:00,3241068.2004,101.85599238614549
2008-07-08 13:00:00,,103.41186216926384
2008-07-08 14:00:00,3250444.0448,104.9677319523822
2008-07-08 15:00:00,,105.90301198304435
2008-07-08 16:00:00,,106.83829201370652
2008-07-08 17:00:00,3260014.0456,107.77357204436868
2008-07-08 18:00:00,,108.6336241698635
2008-07-08 19:00:00,,109.49367629535831
2008-07-08 20:00:00,3269728.4485,110.35372842085313
2008-07-08 21:00:00,,111.56283148028302
2008-07-08 22:00:00,3279545.6457,112.77193453971292
2008-07-08 23:00:00,,112.93811453369052
2008-07-09 00:00:00,,113.10429452766812
2008-07-09 01:00:00,,113.27047452164572
2008-07-09 02:00:00,,113.43665451562332
2008-07-09 03:00:00,,113.60283450960092
2008-07-09 04:00:00,3297725.7464,113.76901450357852
2008-07-09 05:00:00,,110.11519921773518
2008-07-09 06:00:00,,106.46138393189185
2008-07-09 07:00:00,,102.80756864604851
2008-07-09 08:00:00,,99.15375336020517
2008-07-09 09:00:00,,95.49993807436184
2008-07-09 10:00:00,,91.8461227885185
2008-07-09 11:00:00,,88.19230750267516
2008-07-09 12:00:00,,84.53849221683183
2008-07-09 13:00:00,,80.88467693098849
2008-07-09 14:00:00,,77.23086164514515
2008-07-09 15:00:00,,73.57704635930182
2008-07-09 16:00:00,3342286.6259,69.92323107345848
2008-07-09 17:00:00,,67.24063220718371
2008-07-09 18:00:00,,64.55803334090895
2008-07-09 19:00:00,,61.875434474634176
2008-07-09 20:00:00,,59.19283560835941
2008-07-09 21:00:00,,56.51023674208464
2008-07-09 22:00:00,,53.82763787580988
2008-07-09 23:00:00,,51.145039009535104
2008-07-10 00:00:00,,48.46244014326034
2008-07-10 01:00:00,,45.77984127698557
2008-07-10 02:00:00,,43.097242410710805
2008-07-10 03:00:00,,40.41464354443603
2008-07-10 04:00:00,,37.732044678161266
2008-07-10 05:00:00,,35.0494458118865
2008-07-10 06:00:00,,32.366846945611734
2008-07-10 07:00:00,,29.684248079336964
2008-07-10 08:00:00,,27.001649213062194
2008-07-10 09:00:00,,24.319050346787428
2008-07-10 10:00:00,3408970.475,21.63645148051266
2008-07-10 11:00:00,,21.181191464890034
2008-07-10 12:00:00,,20.725931449267406
2008-07-10 13:00:00,,20.27067143364478
2008-07-10 14:00:00,,19.81541141802215
2008-07-10 15:00:00,,19.360151402399524
2008-07-10 16:00:00,,18.9048913867769
2008-07-10 17:00:00,,18.449631371154272
2008-07-10 18:00:00,,17.994371355531644
2008-07-10 19:00:00,,17.539111339909017
2008-07-10 20:00:00,,17.08385132428639
2008-07-10 21:00:00,,16.62859130866376
2008-07-10 22:00:00,,16.173331293041134
2008-07-10 23:00:00,,15.718071277418506
2008-07-11 00:00:00,,15.26281126179588
2008-07-11 01:00:00,,14.807551246173253
2008-07-11 02:00:00,,14.352291230550625
2008-07-11 03:00:00,,13.897031214927997
2008-07-11 04:00:00,,13.44177119930537
2008-07-11 05:00:00,,12.986511183682742
2008-07-11 06:00:00,3479618.1338,12.531251168060116
2008-07-11 07:00:00,,12.335707170011029
2008-07-11 08:00:00,,12.140163171961941
2008-07-11 09:00:00,,11.944619173912852
2008-07-11 10:00:00,,11.749075175863764
2008-07-11 11:00:00,,11.553531177814676
2008-07-11 12:00:00,,11.357987179765589
2008-07-11 13:00:00,,11.1624431817165
2008-07-11 14:00:00,,10.966899183667412
2008-07-11 15:00:00,,10.771355185618324
2008-07-11 16:00:00,,10.575811187569236
2008-07-11 17:00:00,,10.380267189520149
2008-07-11 18:00:00,,10.18472319147106
2008-07-11 19:00:00,,9.989179193421972
2008-07-11 20:00:00,3528957.6708,9.793635195372884
2008-07-11 21:00:00,,9.676461041938957
2008-07-11 22:00:00,,9.55928688850503
2008-07-11 23:00:00,,9.442112735071102
2008-07-12 00:00:00,,9.324938581637173
2008-07-12 01:00:00,,9.207764428203246
2008-07-12 02:00:00,,9.090590274769319
2008-07-12 03:00:00,,8.973416121335392
2008-07-12 04:00:00,,8.856241967901465
2008-07-12 05:00:00,,8.739067814467537
2008-07-12 06:00:00,,8.62189366103361
2008-07-12 07:00:00,,8.504719507599683
2008-07-12 08:00:00,,8.387545354165754
2008-07-12 09:00:00,,8.270371200731827
2008-07-12 10:00:00,,8.1531970472979
2008-07-12 11:00:00,3583681.2224,8.036022893863972
2008-07-12 12:00:00,,7.9632774959900345
2008-07-12 13:00:00,,7.890532098116097
2008-07-12 14:00:00,,7.817786700242159
2008-07-12 15:00:00,,7.745041302368222
2008-07-12 16:00:00,,7.672295904494284
2008-07-12 17:00:00,,7.599550506620346
2008-07-12 18:00:00,,7.526805108746409
2008-07-12 19:00:00,,7.454059710872471
2008-07-12 20:00:00,,7.3813143129985335
2008-07-12 21:00:00,,7.308568915124596
2008-07-12 22:00:00,,7.235823517250658
2008-07-12 23:00:00,,7.163078119376721
2008-07-13 00:00:00,,7.090332721502783
2008-07-13 01:00:00,,7.017587323628845
2008-07-13 02:00:00,,6.944841925754908
2008-07-13 03:00:00,,6.87209652788097
2008-07-13 04:00:00,3643501.249,6.799351130007032
2008-07-13 05:00:00,,6.740150505763031
2008-07-13 06:00:00,,6.68094988151903
2008-07-13 07:00:00,,6.621749257275028
2008-07-13 08:00:00,,6.562548633031027
2008-07-13 09:00:00,,6.503348008787026
2008-07-13 10:00:00,,6.444147384543025
2008-07-13 11:00:00,,6.384946760299023
2008-07-13 12:00:00,,6.325746136055022
2008-07-13 13:00:00,,6.266545511811021
2008-07-13 14:00:00,,6.20734488756702
2008-07-13 15:00:00,,6.148144263323019
2008-07-13 16:00:00,,6.088943639079017
2008-07-13 17:00:00,,6.029743014835016
2008-07-13 18:00:00,,5.970542390591015
2008-07-13 19:00:00,,5.911341766347014
2008-07-13 20:00:00,,5.8521411421030125
2008-07-13 21:00:00,,5.7929405178590105
2008-07-13 22:00:00,3708664.2938,5.7337398936150095
2008-07-13 23:00:00,,5.685450145375765
2008-07-14 00:00:00,,5.637160397136521
2008-07-14 01:00:00,,5.588870648897276
2008-07-14 02:00:00,,5.540580900658033
2008-07-14 03:00:00,,5.4922911524187885
2008-07-14 04:00:00,,5.444001404179544
2008-07-14 05:00:00,,5.3957116559403
2008-07-14 06:00:00,,5.347421907701055
2008-07-14 07:00:00,,5.299132159461811
2008-07-14 08:00:00,,5.250842411222568
2008-07-14 09:00:00,,5.202552662983323
2008-07-14 10:00:00,,5.154262914744079
2008-07-14 11:00:00,,5.1059731665048345
2008-07-14 12:00:00,,5.05768341826559
2008-07-14 13:00:00,,5.009393670026346
2008-07-14 14:00:00,,4.961103921787102
2008-07-14 15:00:00,,4.912814173547858
2008-07-14 16:00:00,,4.8645244253086135
2008-07-14 17:00:00,3778035.8975,4.816234677069369
2008-07-14 18:00:00,,4.78176169104913
2008-07-14 19:00:00,,4.747288705028891
2008-07-14 20:00:00,,4.7128157190086535
2008-07-14 21:00:00,,4.678342732988415
2008-07-14 22:00:00,,4.643869746968176
2008-07-14 23:00:00,,4.609396760947937
2008-07-15 00:00:00,,4.574923774927699
2008-07-15 01:00:00,,4.54045078890746
2008-07-15 02:00:00,,4.505977802887221
2008-07-15 03:00:00,,4.471504816866982
2008-07-15 04:00:00,,4.437031830846744
2008-07-15 05:00:00,,4.402558844826506
2008-07-15 06:00:00,,4.368085858806267
2008-07-15 07:00:00,,4.333612872786028
2008-07-15 08:00:00,,4.299139886765789
2008-07-15 09:00:00,,4.264666900745551
2008-07-15 10:00:00,,4.230193914725312
2008-07-15 11:00:00,,4.195720928705073
2008-07-15 12:00:00,,4.1612479426848346
2008-07-15 13:00:00,,4.126774956664597
2008-07-15 14:00:00,,4.092301970644358
2008-07-15 15:00:00,3855677.9026,4.057828984624119
2008-07-15 16:00:00,,4.030728590634961
2008-07-15 17:00:00,,4.003628196645803
2008-07-15 18:00:00,,3.976527802656645
2008-07-15 19:00:00,,3.949427408667487
2008-07-15 20:00:00,,3.922327014678329
2008-07-15 21:00:00,,3.8952266206891712
2008-07-15 22:00:00,,3.868126226700013
2008-07-15 23:00:00,,3.841025832710855
2008-07-16 00:00:00,,3.813925438721697
2008-07-16 01:00:00,,3.7868250447325393
2008-07-16 02:00:00,,3.7597246507433812
2008-07-16 03:00:00,,3.732624256754223
2008-07-16 04:00:00,,3.705523862765065
2008-07-16 05:00:00,,3.6784234687759074
2008-07-16 06:00:00,,3.6513230747867493
2008-07-16 07:00:00,,3.6242226807975912
2008-07-16 08:00:00,,3.597122286808433
2008-07-16 09:00:00,,3.5700218928192755
2008-07-16 10:00:00,,3.5429214988301174
2008-07-16 11:00:00,,3.5158211048409593
2008-07-16 12:00:00,,3.4887207108518012
2008-07-16 13:00:00,,3.4616203168626436
2008-07-16 14:00:00,3939326.3433,3.4345199228734855
2008-07-16 15:00:00,,3.4236671839862143
2008-07-16 16:00:00,,3.4128144450989426
2008-07-16 17:00:00,,3.4019617062116714
2008-07-16 18:00:00,,3.3911089673244
2008-07-16 19:00:00,,3.3802562284371285
2008-07-16 20:00:00,,3.3694034895498572
2008-07-16 21:00:00,,3.358550750662586
2008-07-16 22:00:00,,3.3476980117753143
2008-07-16 23:00:00,,3.336845272888043
2008-07-17 00:00:00,,3.325992534000772
2008-07-17 01:00:00,,3.3151397951135007
2008-07-17 02:00:00,,3.304287056226229
2008-07-17 03:00:00,,3.2934343173389578
2008-07-17 04:00:00,,3.2825815784516865
2008-07-17 05:00:00,,3.271728839564415
2008-07-17 06:00:00,,3.2608761006771436
2008-07-17 07:00:00,,3.2500233617898724
2008-07-17 08:00:00,,3.2391706229026007
2008-07-17 09:00:00,4009974.7296,3.2283178840153295
2008-07-17 10:00:00,,3.228978635483312
2008-07-17 11:00:00,,3.2296393869512943
2008-07-17 12:00:00,,3.2303001384192767
2008-07-17 13:00:00,,3.2309608898872586
2008-07-17 14:00:00,,3.231621641355241
2008-07-17 15:00:00,,3.2322823928232234
2008-07-17 16:00:00,,3.2329431442912058
2008-07-17 17:00:00,,3.233603895759188
2008-07-17 18:00:00,,3.2342646472271706
2008-07-17 19:00:00,,3.234925398695153
2008-07-17 20:00:00,,3.2355861501631353
2008-07-17 21:00:00,,3.2362469016311173
2008-07-17 22:00:00,,3.2369076530990997
2008-07-17 23:00:00,,3.237568404567082
2008-07-18 00:00:00,,3.2382291560350644
2008-07-18 01:00:00,4065935.4383,3.238889907503047
2008-07-18 02:00:00,,3.2587159926148233
2008-07-18 03:00:00,,3.2785420777265997
2008-07-18 04:00:00,,3.298368162838376
2008-07-18 05:00:00,,3.3181942479501525
2008-07-18 06:00:00,,3.3380203330619285
2008-07-18 07:00:00,,3.357846418173705
2008-07-18 08:00:00,,3.3776725032854813
2008-07-18 09:00:00,,3.3974985883972577
2008-07-18 10:00:00,4097499.2299,3.417324673509034
2008-07-18 11:00:00,,3.5094931205911637
2008-07-18 12:00:00,,3.601661567673293
2008-07-18 13:00:00,,3.6938300147554224
2008-07-18 14:00:00,,3.7859984618375515
2008-07-18 15:00:00,,3.878166908919681
2008-07-18 16:00:00,,3.97033535600181
2008-07-18 17:00:00,,4.062503803083939
2008-07-18 18:00:00,4127083.3506,4.154672250166069
2008-07-18 19:00:00,,4.320822513334874
2008-07-18 20:00:00,,4.48697277650368
2008-07-18 21:00:00,,4.653123039672485
2008-07-18 22:00:00,,4.81927330284129
2008-07-18 23:00:00,,4.985423566010095
2008-07-19 00:00:00,,5.151573829178901
2008-07-19 01:00:00,,5.317724092347706
2008-07-19 02:00:00,4157673.3058,5.483874355516511
2008-07-19 03:00:00,,5.532197489538664
2008-07-19 04:00:00,,5.580520623560816
2008-07-19 05:00:00,,5.6288437575829695
2008-07-19 06:00:00,,5.677166891605123
2008-07-19 07:00:00,,5.725490025627275
2008-07-19 08:00:00,,5.773813159649428
2008-07-19 09:00:00,,5.822136293671581
2008-07-19 10:00:00,,5.870459427693734
2008-07-19 11:00:00,,5.918782561715887
2008-07-19 12:00:00,,5.96710569573804
2008-07-19 13:00:00,,6.015428829760193
2008-07-19 14:00:00,,6.063751963782346
2008-07-19 15:00:00,,6.112075097804499
2008-07-19 16:00:00,,6.160398231826652
2008-07-19 17:00:00,,6.208721365848804
2008-07-19 18:00:00,4214386.3904,6.257044499870958
2008-07-19 19:00:00,,6.163124410436579
2008-07-19 20:00:00,,6.0692043210022
2008-07-19 21:00:00,,5.97528423156782
2008-07-19 22:00:00,,5.8813641421334415
2008-07-19 23:00:00,,5.787444052699063
2008-07-20 00:00:00,,5.693523963264684
2008-07-20 01:00:00,,5.599603873830305
2008-07-20 02:00:00,,5.505683784395926
2008-07-20 03:00:00,,5.411763694961547
2008-07-20 04:00:00,,5.317843605527168
2008-07-20 05:00:00,,5.223923516092789
2008-07-20 06:00:00,,5.13000342665841
2008-07-20 07:00:00,,5.0360833372240315
2008-07-20 08:00:00,,4.942163247789652
2008-07-20 09:00:00,,4.848243158355273
2008-07-20 10:00:00,,4.754323068920894
2008-07-20 11:00:00,,4.660402979486515
2008-07-20 12:00:00,,4.566482890052137
2008-07-20 13:00:00,,4.472562800617757
2008-07-20 14:00:00,,4.378642711183378
2008-07-20 15:00:00,4289888.6531,4.284722621748999
2008-07-20 16:00:00,,4.268340246631955
2008-07-20 17:00:00,,4.251957871514911
2008-07-20 18:00:00,,4.235575496397867
2008-07-20 19:00:00,,4.2191931212808225
2008-07-20 20:00:00,,4.202810746163778
2008-07-20 21:00:00,,4.186428371046734
2008-07-20 22:00:00,,4.17004599592969
2008-07-20 23:00:00,,4.153663620812646
2008-07-21 00:00:00,,4.137281245695601
2008-07-21 01:00:00,,4.120898870578557
2008-07-21 02:00:00,4330488.2168,4.104516495461513
2008-07-21 03:00:00,,4.14931800297409
2008-07-21 04:00:00,,4.194119510486667
2008-07-21 05:00:00,,4.238921017999244
2008-07-21 06:00:00,,4.283722525511821
2008-07-21 07:00:00,4348731.4049,4.328524033024398
2008-07-21 08:00:00,,4.589001392181795
2008-07-21 09:00:00,,4.849478751339191
2008-07-21 10:00:00,,5.109956110496588
2008-07-21 11:00:00,,5.370433469653984
2008-07-21 12:00:00,4366016.2778,5.630910828811381
2008-07-21 13:00:00,,6.107038923283826
2008-07-21 14:00:00,,6.583167017756269
2008-07-21 15:00:00,,7.059295112228713
2008-07-21 16:00:00,,7.535423206701157
2008-07-21 17:00:00,4382508.0335,8.0115513011736
2008-07-21 18:00:00,,8.70614695100284
2008-07-21 19:00:00,,9.40074260083208
2008-07-21 20:00:00,,10.09533825066132
2008-07-21 21:00:00,4398838.0829,10.789933900490558
2008-07-21 22:00:00,,11.419816722532877
2008-07-21 23:00:00,,12.049699544575196
2008-07-22 00:00:00,,12.679582366617515
2008-07-22 01:00:00,,13.309465188659834
2008-07-22 02:00:00,4416460.1212,13.939348010702153
2008-07-22 03:00:00,,14.31712406315411
2008-07-22 04:00:00,,14.694900115606067
2008-07-22 05:00:00,,15.072676168058024
2008-07-22 06:00:00,,15.450452220509982
2008-07-22 07:00:00,,15.828228272961939
2008-07-22 08:00:00,,16.206004325413897
2008-07-22 09:00:00,4438943.5664,16.583780377865853
2008-07-22 10:00:00,,16.75107175098902
2008-07-22 11:00:00,,16.91836312411219
2008-07-22 12:00:00,,17.085654497235357
2008-07-22 13:00:00,,17.252945870358527
2008-07-22 14:00:00,,17.420237243481694
2008-07-22 15:00:00,,17.58752861660486
2008-07-22 16:00:00,,17.75481998972803
2008-07-22 17:00:00,4470152.3335,17.922111362851197
2008-07-22 18:00:00,,17.94650824611834
2008-07-22 19:00:00,,17.970905129385486
2008-07-22 20:00:00,,17.995302012652633
2008-07-22 21:00:00,,18.019698895919777
2008-07-22 22:00:00,,18.04409577918692
2008-07-22 23:00:00,,18.068492662454066
2008-07-23 00:00:00,,18.092889545721214
2008-07-23 01:00:00,,18.117286428988358
2008-07-23 02:00:00,4501305.3418,18.141683312255502
2008-07-23 03:00:00,,18.223820440537317
2008-07-23 04:00:00,,18.30595756881913
2008-07-23 05:00:00,,18.388094697100946
2008-07-23 06:00:00,,18.47023182538276
2008-07-23 07:00:00,4521232.0627,18.552368953664576
2008-07-23 08:00:00,,18.73933924862247
2008-07-23 09:00:00,,18.926309543580363
2008-07-23 10:00:00,,19.113279838538258
2008-07-23 11:00:00,,19.300250133496153
2008-07-23 12:00:00,,19.487220428454044
2008-07-23 13:00:00,4540006.3757,19.67419072341194
2008-07-23 14:00:00,,19.984280477432538
2008-07-23 15:00:00,,20.294370231453136
2008-07-23 16:00:00,,20.60445998547373
2008-07-23 17:00:00,,20.91454973949433
2008-07-23 18:00:00,4558132.9923,21.22463949351493
2008-07-23 19:00:00,,21.580000777167978
2008-07-23 20:00:00,,21.935362060821024
2008-07-23 21:00:00,,22.290723344474074
2008-07-23 22:00:00,,22.64608462812712
2008-07-23 23:00:00,4575783.7795,23.00144591178017
2008-07-24 00:00:00,,23.445474590155555
2008-07-24 01:00:00,4583976.1177,23.88950326853094
2008-07-24 02:00:00,4588885.2061,25.622814787972892
2008-07-24 03:00:00,4593480.956,30.803401501100023
2008-07-24 04:00:00,,35.39240859622988
2008-07-24 05:00:00,4597788.8888,39.981415691359736
2008-07-24 06:00:00,4602008.105,51.17282921874703
2008-07-24 07:00:00,4606189.9325,63.071298936295776
2008-07-24 08:00:00,4610305.0609,75.33625800916101
2008-07-24 09:00:00,4614332.2637,87.78268141539863
2008-07-24 10:00:00,4618266.336,100.3356757654301
2008-07-24 11:00:00,4622107.5172,112.9153859100323
2008-07-24 12:00:00,4625860.1636,125.46428177785413
2008-07-24 13:00:00,4629529.0783,137.9358317158981
2008-07-24 14:00:00,4633121.5413,150.3483025741622
2008-07-24 15:00:00,4636642.7513,162.65431912492548
2008-07-24 16:00:00,4640099.096,174.86127028237894
2008-07-24 17:00:00,4643495.831,186.97088296067128
2008-07-24 18:00:00,4646837.6734,198.97625641644257
2008-07-24 19:00:00,4650128.6718,210.85444992124175
2008-07-24 20:00:00,4653372.2781,222.62215744230332
2008-07-24 21:00:00,4656572.3628,234.27822905494375
2008-07-24 22:00:00,4659732.6045,245.85374753675876
2008-07-24 23:00:00,4662854.7551,257.31007455500105
2008-07-25 00:00:00,4665957.1128,268.75094246813535
2008-07-25 01:00:00,4669552.0712,280.931256744741
2008-07-25 02:00:00,4673621.5145,290.8794677934472
2008-07-25 03:00:00,4678362.3533,298.5001617645383
2008-07-25 04:00:00,,301.1364065148578
2008-07-25 05:00:00,4684377.6953,303.7726512651774
2008-07-25 06:00:00,,303.60988453654255
2008-07-25 07:00:00,,303.4471178079078
2008-07-25 08:00:00,,303.28435107927294
2008-07-25 09:00:00,4699232.7294,303.1215843506381
2008-07-25 10:00:00,,297.65645282746647
2008-07-25 11:00:00,,292.19132130429483
2008-07-25 12:00:00,,286.7261897811232
2008-07-25 13:00:00,,281.26105825795156
2008-07-25 14:00:00,,275.79592673478
2008-07-25 15:00:00,,270.33079521160835
2008-07-25 16:00:00,,264.8656636884367
2008-07-25 17:00:00,4728583.8346,259.4005321652651
2008-07-25 18:00:00,,253.20596812912117
2008-07-25 19:00:00,,247.01140409297727
2008-07-25 20:00:00,,240.81684005683337
2008-07-25 21:00:00,,234.62227602068947
2008-07-25 22:00:00,,228.4277119845456
2008-07-25 23:00:00,,222.2331479484017
2008-07-26 00:00:00,,216.0385839122578
2008-07-26 01:00:00,,209.8440198761139
2008-07-26 02:00:00,4760416.0263,203.64945583997
2008-07-26 03:00:00,,197.33809010086327
2008-07-26 04:00:00,,191.02672436175655
2008-07-26 05:00:00,,184.7153586226498
2008-07-26 06:00:00,,178.40399288354308
2008-07-26 07:00:00,,172.09262714443636
2008-07-26 08:00:00,,165.78126140532964
2008-07-26 09:00:00,,159.46989566622293
2008-07-26 10:00:00,,153.15852992711618
2008-07-26 11:00:00,,146.84716418800946
2008-07-26 12:00:00,4796151.5562,140.53579844890274
2008-07-26 13:00:00,,134.34849656656647
2008-07-26 14:00:00,,128.1611946842302
2008-07-26 15:00:00,,121.97389280189394
2008-07-26 16:00:00,,115.78659091955768
2008-07-26 17:00:00,,109.59928903722141
2008-07-26 18:00:00,,103.41198715488514
2008-07-26 19:00:00,,97.22468527254888
2008-07-26 20:00:00,,91.03738339021261
2008-07-26 21:00:00,,84.85008150787635
2008-07-26 22:00:00,,78.66277962554008
2008-07-26 23:00:00,,72.47547774320383
2008-07-27 00:00:00,4841160.1192,66.28817586086755
2008-07-27 01:00:00,,64.54644246112017
2008-07-27 02:00:00,,62.80470906137277
2008-07-27 03:00:00,,61.06297566162537
2008-07-27 04:00:00,,59.32124226187798
2008-07-27 05:00:00,,57.57950886213059
2008-07-27 06:00:00,,55.83777546238319
2008-07-27 07:00:00,,54.096042062635796
2008-07-27 08:00:00,,52.35430866288841
2008-07-27 09:00:00,,50.61257526314101
2008-07-27 10:00:00,4875374.6145,48.870841863393615
2008-07-27 11:00:00,,48.806520779066155
2008-07-27 12:00:00,,48.7421996947387
2008-07-27 13:00:00,,48.67787861041124
2008-07-27 14:00:00,,48.61355752608379
2008-07-27 15:00:00,4894607.7377,48.54923644175633
2008-07-27 16:00:00,,48.63572616716767
2008-07-27 17:00:00,,48.72221589257901
2008-07-27 18:00:00,,48.80870561799034
2008-07-27 19:00:00,,48.89519534340168
2008-07-27 20:00:00,4912033.2484,48.98168506881302
2008-07-27 21:00:00,,49.14443400022672
2008-07-27 22:00:00,,49.30718293164042
2008-07-27 23:00:00,,49.469931863054114
2008-07-28 00:00:00,,49.63268079446782
2008-07-28 01:00:00,4928405.3768,49.79542972588151
2008-07-28 02:00:00,,50.07774256935609
2008-07-28 03:00:00,,50.360055412830675
2008-07-28 04:00:00,,50.642368256305254
2008-07-28 05:00:00,4943034.2188,50.92468109977983
2008-07-28 06:00:00,,51.426171164975024
2008-07-28 07:00:00,,51.92766123017021
2008-07-28 08:00:00,4957018.8061,52.4291512953654
2008-07-28 09:00:00,,52.86296259954549
2008-07-28 10:00:00,,53.29677390372558
2008-07-28 11:00:00,,53.730585207905676
2008-07-28 12:00:00,4970598.6764,54.164396512085766
2008-07-28 13:00:00,,54.63246256515275
2008-07-28 14:00:00,,55.10052861821974
2008-07-28 15:00:00,,55.568594671286725
2008-07-28 16:00:00,4983890.1775,56.03666072435371
2008-07-28 17:00:00,,56.52441986871526
2008-07-28 18:00:00,,57.012179013076825
2008-07-28 19:00:00,,57.49993815743838
2008-07-28 20:00:00,4996959.511,57.98769730179993
2008-07-28 21:00:00,,58.65238717530437
2008-07-28 22:00:00,,59.317077048808805
2008-07-28 23:00:00,5009847.2634,59.98176692231324
2008-07-29 00:00:00,,60.55582621936543
2008-07-29 01:00:00,,61.129885516417616
2008-07-29 02:00:00,5018818.0711,61.7039448134698
2008-07-29 03:00:00,,63.22619304820886
2008-07-29 04:00:00,5026240.5839,64.74844128294792
2008-07-29 05:00:00,,66.93306954741936
2008-07-29 06:00:00,5033244.8572,69.11769781189082
2008-07-29 07:00:00,5039951.8607,74.39078592419995
2008-07-29 08:00:00,,77.32013553806024
2008-07-29 09:00:00,5046425.2968,80.24948515192055
2008-07-29 10:00:00,,83.36604689570123
2008-07-29 11:00:00,5052709.9077,86.48260863948192
2008-07-29 12:00:00,,89.70292600769106
2008-07-29 13:00:00,5058833.0904,92.9232433759002
2008-07-29 14:00:00,5064819.1671,99.49434899588503
2008-07-29 15:00:00,,102.808920041809
2008-07-29 16:00:00,5070685.2163,106.12349108773299
2008-07-29 17:00:00,,109.44953195666979
2008-07-29 18:00:00,5076445.4351,112.7755728256066
2008-07-29 19:00:00,5082110.6411,119.41475098483731
2008-07-29 20:00:00,,122.71957569151579
2008-07-29 21:00:00,5087690.0641,126.02440039819426
2008-07-29 22:00:00,5093191.7361,132.59924670422808
2008-07-29 23:00:00,,135.94407351519354
2008-07-30 00:00:00,5098750.3812,139.28890032615902
2008-07-30 01:00:00,,142.8715843598705
2008-07-30 02:00:00,5106903.4462,146.454268393582
2008-07-30 03:00:00,,146.42798277532282
2008-07-30 04:00:00,,146.40169715706364
2008-07-30 05:00:00,,146.37541153880443
2008-07-30 06:00:00,,146.34912592054525
2008-07-30 07:00:00,,146.32284030228607
2008-07-30 08:00:00,5127207.782,146.2965546840269
2008-07-30 09:00:00,,142.3530082397068
2008-07-30 10:00:00,,138.40946179538673
2008-07-30 11:00:00,,134.46591535106666
2008-07-30 12:00:00,,130.52236890674658
2008-07-30 13:00:00,,126.57882246242649
2008-07-30 14:00:00,,122.63527601810641
2008-07-30 15:00:00,,118.69172957378633
2008-07-30 16:00:00,,114.74818312946624
2008-07-30 17:00:00,,110.80463668514616
2008-07-30 18:00:00,,106.86109024082609
2008-07-30 19:00:00,5166733.001,102.91754379650601
2008-07-30 20:00:00,,99.76801302072482
2008-07-30 21:00:00,,96.61848224494364
2008-07-30 22:00:00,,93.46895146916245
2008-07-30 23:00:00,,90.31942069338126
2008-07-31 00:00:00,,87.16988991760007
2008-07-31 01:00:00,,84.02035914181889
2008-07-31 02:00:00,,80.8708283660377
2008-07-31 03:00:00,,77.72129759025651
2008-07-31 04:00:00,,74.57176681447532
2008-07-31 05:00:00,,71.42223603869414
2008-07-31 06:00:00,,68.27270526291295
2008-07-31 07:00:00,,65.12317448713176
2008-07-31 08:00:00,5214258.7882,61.973643711350576
2008-07-31 09:00:00,,60.44815058918866
2008-07-31 10:00:00,,58.922657467026745
2008-07-31 11:00:00,,57.39716434486483
2008-07-31 12:00:00,,55.871671222702915
2008-07-31 13:00:00,,54.346178100540996
2008-07-31 14:00:00,,52.820684978379084
2008-07-31 15:00:00,,51.295191856217166
2008-07-31 16:00:00,,49.769698734055254
2008-07-31 17:00:00,,48.244205611893335
2008-07-31 18:00:00,,46.71871248973142
2008-07-31 19:00:00,,45.193219367569505
2008-07-31 20:00:00,,43.66772624540759
2008-07-31 21:00:00,,42.142233123245674
2008-07-31 22:00:00,,40.61674000108376
2008-07-31 23:00:00,,39.091246878921844
2008-08-01 00:00:00,5270574.2606,37.56575375675993
2008-08-01 01:00:00,,36.71323475806492
2008-08-01 02:00:00,,35.86071575936991
2008-08-01 03:00:00,,35.0081967606749
2008-08-01 04:00:00,,34.15567776197989
2008-08-01 05:00:00,,33.30315876328488
2008-08-01 06:00:00,,32.450639764589866
2008-08-01 07:00:00,,31.59812076589486
2008-08-01 08:00:00,,30.745601767199847
2008-08-01 09:00:00,,29.893082768504836
2008-08-01 10:00:00,,29.040563769809825
2008-08-01 11:00:00,,28.188044771114814
2008-08-01 12:00:00,,27.335525772419803
2008-08-01 13:00:00,,26.483006773724796
2008-08-01 14:00:00,,25.630487775029785
2008-08-01 15:00:00,,24.777968776334774
2008-08-01 16:00:00,,23.925449777639763
2008-08-01 17:00:00,,23.07293077894475
2008-08-01 18:00:00,,22.22041178024974
2008-08-01 19:00:00,5340405.5699,21.36789278155473
2008-08-01 20:00:00,,20.92447570666627
2008-08-01 21:00:00,,20.481058631777813
2008-08-01 22:00:00,,20.037641556889355
2008-08-01 23:00:00,,19.594224482000893
2008-08-02 00:00:00,,19.150807407112435
2008-08-02 01:00:00,,18.707390332223977
2008-08-02 02:00:00,,18.26397325733552
2008-08-02 03:00:00,,17.82055618244706
2008-08-02 04:00:00,,17.3771391075586
2008-08-02 05:00:00,,16.933722032670143
2008-08-02 06:00:00,,16.490304957781685
2008-08-02 07:00:00,,16.046887882893223
2008-08-02 08:00:00,,15.603470808004767
2008-08-02 09:00:00,,15.160053733116307
2008-08-02 10:00:00,,14.716636658227848
2008-08-02 11:00:00,5397374.9326,14.27321958333939
2008-08-02 12:00:00,,14.061916631315027
2008-08-02 13:00:00,,13.850613679290666
2008-08-02 14:00:00,,13.639310727266302
2008-08-02 15:00:00,,13.42800777524194
2008-08-02 16:00:00,,13.216704823217576
2008-08-02 17:00:00,,13.005401871193214
2008-08-02 18:00:00,,12.794098919168851
2008-08-02 19:00:00,,12.582795967144488
2008-08-02 20:00:00,,12.371493015120127
2008-08-02 21:00:00,,12.160190063095763
2008-08-02 22:00:00,,11.9488871110714
2008-08-02 23:00:00,,11.737584159047037
2008-08-03 00:00:00,,11.526281207022675
2008-08-03 01:00:00,5449421.3244,11.314978254998312
2008-08-03 02:00:00,,11.186961957836635
2008-08-03 03:00:00,,11.058945660674958
2008-08-03 04:00:00,,10.93092936351328
2008-08-03 05:00:00,,10.802913066351604
2008-08-03 06:00:00,,10.674896769189926
2008-08-03 07:00:00,,10.54688047202825
2008-08-03 08:00:00,,10.418864174866574
2008-08-03 09:00:00,,10.290847877704897
2008-08-03 10:00:00,,10.16283158054322
2008-08-03 11:00:00,,10.034815283381542
2008-08-03 12:00:00,,9.906798986219865
2008-08-03 13:00:00,,9.778782689058188
2008-08-03 14:00:00,,9.65076639189651
2008-08-03 15:00:00,5498607.66,9.522750094734834
2008-08-03 16:00:00,,9.437819158241187
2008-08-03 17:00:00,,9.35288822174754
2008-08-03 18:00:00,,9.267957285253894
2008-08-03 19:00:00,,9.183026348760247
2008-08-03 20:00:00,,9.0980954122666
2008-08-03 21:00:00,,9.013164475772953
2008-08-03 22:00:00,,8.928233539279306
2008-08-03 23:00:00,,8.84330260278566
2008-08-04 00:00:00,,8.758371666292014
2008-08-04 01:00:00,,8.673440729798367
2008-08-04 02:00:00,5536975.5365,8.58850979330472
2008-08-04 03:00:00,,8.623899990761487
2008-08-04 04:00:00,,8.659290188218256
2008-08-04 05:00:00,5550366.7169,8.694680385675023
2008-08-04 06:00:00,,9.077066334192931
2008-08-04 07:00:00,,9.459452282710842
2008-08-04 08:00:00,,9.841838231228751
2008-08-04 09:00:00,5562871.7043,10.224224179746662
2008-08-04 10:00:00,,11.246311210857574
2008-08-04 11:00:00,,12.268398241968486
2008-08-04 12:00:00,5574840.4128,13.290485273079398
2008-08-04 13:00:00,,14.582387334965913
2008-08-04 14:00:00,,15.874289396852427
2008-08-04 15:00:00,5586524.6258,17.166191458738943
2008-08-04 16:00:00,,18.216390249106436
2008-08-04 17:00:00,,19.266589039473928
2008-08-04 18:00:00,,20.31678782984142
2008-08-04 19:00:00,5598019.6846,21.366986620208912
2008-08-04 20:00:00,,22.808397302016804
2008-08-04 21:00:00,,24.249807983824695
2008-08-04 22:00:00,5609302.73,25.691218665632586
2008-08-04 23:00:00,,27.237490446929208
2008-08-05 00:00:00,,28.783762228225832
2008-08-05 01:00:00,5621084.1565,30.330034009522453
2008-08-05 02:00:00,,31.406963945423197
2008-08-05 03:00:00,,32.483893881323944
2008-08-05 04:00:00,,33.56082381722469
2008-08-05 05:00:00,5635880.4635,34.63775375312543
2008-08-05 06:00:00,,35.07516724976436
2008-08-05 07:00:00,,35.512580746403295
2008-08-05 08:00:00,,35.94999424304223
2008-08-05 09:00:00,,36.38740773968116
2008-08-05 10:00:00,,36.82482123632009
2008-08-05 11:00:00,5656215.3344,37.26223473295902
2008-08-05 12:00:00,,37.379349593690776
2008-08-05 13:00:00,,37.49646445442254
2008-08-05 14:00:00,,37.61357931515429
2008-08-05 15:00:00,,37.73069417588604
2008-08-05 16:00:00,,37.8478090366178
2008-08-05 17:00:00,,37.96492389734956
2008-08-05 18:00:00,5683052.2224,38.08203875808131
2008-08-05 19:00:00,,37.80699896431225
2008-08-05 20:00:00,,37.53195917054319
2008-08-05 21:00:00,,37.25691937677413
2008-08-05 22:00:00,,36.98187958300507
2008-08-05 23:00:00,,36.70683978923601
2008-08-06 00:00:00,,36.431799995466946
2008-08-06 01:00:00,,36.156760201697885
2008-08-06 02:00:00,,35.881720407928825
2008-08-06 03:00:00,,35.606680614159764
2008-08-06 04:00:00,,35.3316408203907
2008-08-06 05:00:00,,35.05660102662164
2008-08-06 06:00:00,,34.78156123285258
2008-08-06 07:00:00,5728836.6764,34.50652143908352
2008-08-06 08:00:00,,33.54067024276167
2008-08-06 09:00:00,,32.57481904643982
2008-08-06 10:00:00,,31.608967850117967
2008-08-06 11:00:00,,30.643116653796113
2008-08-06 12:00:00,,29.677265457474263
2008-08-06 13:00:00,,28.711414261152413
2008-08-06 14:00:00,,27.74556306483056
2008-08-06 15:00:00,,26.77971186850871
2008-08-06 16:00:00,,25.813860672186856
2008-08-06 17:00:00,,24.848009475865005
2008-08-06 18:00:00,,23.882158279543155
2008-08-06 19:00:00,,22.9163070832213
2008-08-06 20:00:00,,21.95045588689945
2008-08-06 21:00:00,,20.984604690577598
2008-08-06 22:00:00,,20.018753494255748
2008-08-06 23:00:00,,19.052902297933898
2008-08-07 00:00:00,,18.087051101612044
2008-08-07 01:00:00,,17.121199905290194
2008-08-07 02:00:00,,16.15534870896834
2008-08-07 03:00:00,,15.18949751264649
2008-08-07 04:00:00,5806119.8184,14.223646316324642
2008-08-07 05:00:00,,13.8714204048682
2008-08-07 06:00:00,,13.519194493411758
2008-08-07 07:00:00,,13.166968581955317
2008-08-07 08:00:00,,12.814742670498873
2008-08-07 09:00:00,,12.462516759042432
2008-08-07 10:00:00,,12.11029084758599
2008-08-07 11:00:00,,11.758064936129548
2008-08-07 12:00:00,,11.405839024673107
2008-08-07 13:00:00,,11.053613113216665
2008-08-07 14:00:00,,10.701387201760223
2008-08-07 15:00:00,,10.34916129030378
2008-08-07 16:00:00,,9.996935378847338
2008-08-07 17:00:00,,9.644709467390896
2008-08-07 18:00:00,,9.292483555934455
2008-08-07 19:00:00,5860117.4518,8.940257644478013
2008-08-07 20:00:00,,8.797474178219028
2008-08-07 21:00:00,,8.654690711960043
2008-08-07 22:00:00,,8.511907245701058
2008-08-07 23:00:00,,8.369123779442074
2008-08-08 00:00:00,,8.226340313183089
2008-08-08 01:00:00,,8.083556846924104
2008-08-08 02:00:00,,7.940773380665118
2008-08-08 03:00:00,,7.797989914406133
2008-08-08 04:00:00,,7.6552064481471485
2008-08-08 05:00:00,,7.512422981888164
2008-08-08 06:00:00,,7.369639515629179
2008-08-08 07:00:00,,7.226856049370193
2008-08-08 08:00:00,,7.084072583111208
2008-08-08 09:00:00,,6.941289116852223
2008-08-08 10:00:00,,6.798505650593238
2008-08-08 11:00:00,5917681.3438,6.6557221843342536
2008-08-08 12:00:00,,6.591426893397369
2008-08-08 13:00:00,,6.527131602460485
2008-08-08 14:00:00,,6.4628363115236
2008-08-08 15:00:00,,6.398541020586715
2008-08-08 16:00:00,,6.334245729649831
2008-08-08 17:00:00,,6.2699504387129465
2008-08-08 18:00:00,,6.205655147776062
2008-08-08 19:00:00,,6.141359856839178
2008-08-08 20:00:00,,6.077064565902293
2008-08-08 21:00:00,,6.012769274965408
2008-08-08 22:00:00,,5.9484739840285235
2008-08-08 23:00:00,,5.8841786930916395
2008-08-09 00:00:00,,5.819883402154755
2008-08-09 01:00:00,,5.75558811121787
2008-08-09 02:00:00,,5.691292820280986
2008-08-09 03:00:00,,5.626997529344101
2008-08-09 04:00:00,,5.5627022384072164
2008-08-09 05:00:00,,5.4984069474703325
2008-08-09 06:00:00,5983255.5287,5.434111656533448
2008-08-09 07:00:00,,5.3880759547787935
2008-08-09 08:00:00,,5.342040253024139
2008-08-09 09:00:00,,5.296004551269485
2008-08-09 10:00:00,,5.249968849514831
2008-08-09 11:00:00,,5.203933147760177
2008-08-09 12:00:00,,5.157897446005522
2008-08-09 13:00:00,,5.111861744250867
2008-08-09 14:00:00,,5.065826042496213
2008-08-09 15:00:00,,5.019790340741559
2008-08-09 16:00:00,,4.973754638986905
2008-08-09 17:00:00,,4.9277189372322505
2008-08-09 18:00:00,,4.881683235477596
2008-08-09 19:00:00,,4.835647533722942
2008-08-09 20:00:00,,4.789611831968288
2008-08-09 21:00:00,,4.743576130213634
2008-08-09 22:00:00,,4.697540428458979
2008-08-09 23:00:00,,4.651504726704324
2008-08-10 00:00:00,,4.60546902494967
2008-08-10 01:00:00,,4.559433323195016
2008-08-10 02:00:00,6056600.9912,4.513397621440362
2008-08-10 03:00:00,,4.484333091241041
2008-08-10 04:00:00,,4.455268561041721
2008-08-10 05:00:00,,4.4262040308424
2008-08-10 06:00:00,,4.397139500643079
2008-08-10 07:00:00,,4.368074970443758
2008-08-10 08:00:00,,4.339010440244438
2008-08-10 09:00:00,,4.309945910045117
2008-08-10 10:00:00,,4.2808813798457965
2008-08-10 11:00:00,,4.251816849646476
2008-08-10 12:00:00,,4.222752319447156
2008-08-10 13:00:00,,4.193687789247835
2008-08-10 14:00:00,,4.164623259048514
2008-08-10 15:00:00,,4.135558728849193
2008-08-10 16:00:00,,4.106494198649873
2008-08-10 17:00:00,,4.077429668450552
2008-08-10 18:00:00,,4.048365138251231
2008-08-10 19:00:00,,4.0193006080519105
2008-08-10 20:00:00,,3.99023607785259
2008-08-10 21:00:00,,3.9611715476532696
2008-08-10 22:00:00,,3.9321070174539487
2008-08-10 23:00:00,,3.9030424872546283
2008-08-11 00:00:00,,3.8739779570553075
2008-08-11 01:00:00,6138492.2165,3.844913426855987
2008-08-11 02:00:00,,3.8302250497706343
2008-08-11 03:00:00,,3.815536672685282
2008-08-11 04:00:00,,3.800848295599929
2008-08-11 05:00:00,,3.786159918514577
2008-08-11 06:00:00,,3.771471541429224
2008-08-11 07:00:00,,3.756783164343872
2008-08-11 08:00:00,,3.742094787258519
2008-08-11 09:00:00,,3.7274064101731668
2008-08-11 10:00:00,,3.712718033087814
2008-08-11 11:00:00,,3.6980296560024617
2008-08-11 12:00:00,,3.683341278917109
2008-08-11 13:00:00,,3.668652901831756
2008-08-11 14:00:00,,3.653964524746404
2008-08-11 15:00:00,,3.639276147661051
2008-08-11 16:00:00,,3.624587770575699
2008-08-11 17:00:00,,3.609899393490346
2008-08-11 18:00:00,,3.5952110164049937
2008-08-11 19:00:00,,3.580522639319641
2008-08-11 20:00:00,,3.5658342622342887
2008-08-11 21:00:00,,3.551145885148936
2008-08-11 22:00:00,,3.5364575080635836
2008-08-11 23:00:00,6220078.4622,3.521769130978231
2008-08-12 00:00:00,,3.5164825832195823
2008-08-12 01:00:00,,3.5111960354609337
2008-08-12 02:00:00,,3.5059094877022847
2008-08-12 03:00:00,,3.500622939943636
2008-08-12 04:00:00,,3.4953363921849876
2008-08-12 05:00:00,,3.490049844426339
2008-08-12 06:00:00,,3.48476329666769
2008-08-12 07:00:00,,3.4794767489090415
2008-08-12 08:00:00,,3.474190201150393
2008-08-12 09:00:00,,3.4689036533917443
2008-08-12 10:00:00,,3.4636171056330953
2008-08-12 11:00:00,6261904.3419,3.4583305578744468
2008-08-12 12:00:00,,3.496415636866337
2008-08-12 13:00:00,,3.5345007158582273
2008-08-12 14:00:00,,3.5725857948501174
2008-08-12 15:00:00,,3.610670873842008
2008-08-12 16:00:00,,3.648755952833898
2008-08-12 17:00:00,,3.6868410318257885
2008-08-12 18:00:00,,3.7249261108176785
2008-08-12 19:00:00,,3.763011189809569
2008-08-12 20:00:00,,3.801096268801459
2008-08-12 21:00:00,6299268.6738,3.8391813477933496
2008-08-12 22:00:00,,3.900313724220142
2008-08-12 23:00:00,,3.961446100646935
2008-08-13 00:00:00,,4.022578477073727
2008-08-13 01:00:00,,4.08371085350052
2008-08-13 02:00:00,,4.144843229927313
2008-08-13 03:00:00,,4.205975606354105
2008-08-13 04:00:00,,4.267107982780898
2008-08-13 05:00:00,,4.3282403592076895
2008-08-13 06:00:00,,4.389372735634482
2008-08-13 07:00:00,,4.450505112061275
2008-08-13 08:00:00,,4.511637488488067
2008-08-13 09:00:00,,4.57276986491486
2008-08-13 10:00:00,,4.633902241341652
2008-08-13 11:00:00,6348330.5062,4.695034617768445
2008-08-13 12:00:00,,4.673804134689635
2008-08-13 13:00:00,,4.652573651610824
2008-08-13 14:00:00,,4.631343168532014
2008-08-13 15:00:00,,4.6101126854532035
2008-08-13 16:00:00,,4.588882202374394
2008-08-13 17:00:00,,4.567651719295583
2008-08-13 18:00:00,,4.546421236216773
2008-08-13 19:00:00,,4.525190753137963
2008-08-13 20:00:00,,4.503960270059152
2008-08-13 21:00:00,,4.482729786980342
2008-08-13 22:00:00,,4.461499303901531
2008-08-13 23:00:00,,4.4402688208227215
2008-08-14 00:00:00,,4.419038337743911
2008-08-14 01:00:00,,4.397807854665101
2008-08-14 02:00:00,,4.376577371586291
2008-08-14 03:00:00,,4.35534688850748
2008-08-14 04:00:00,,4.33411640542867
2008-08-14 05:00:00,,4.312885922349859
2008-08-14 06:00:00,,4.291655439271049
2008-08-14 07:00:00,,4.270424956192239
2008-08-14 08:00:00,,4.249194473113429
2008-08-14 09:00:00,,4.227963990034619
2008-08-14 10:00:00,,4.206733506955808
2008-08-14 11:00:00,,4.185503023876998
2008-08-14 12:00:00,,4.164272540798187
2008-08-14 13:00:00,6443340.0732,4.143042057719377
2008-08-14 14:00:00,,4.106308587132473
2008-08-14 15:00:00,,4.069575116545567
2008-08-14 16:00:00,,4.032841645958663
2008-08-14 17:00:00,,3.996108175371758
2008-08-14 18:00:00,,3.959374704784853
2008-08-14 19:00:00,,3.922641234197948
2008-08-14 20:00:00,,3.8859077636110433
2008-08-14 21:00:00,,3.849174293024139
2008-08-14 22:00:00,,3.812440822437234
2008-08-14 23:00:00,,3.775707351850329
2008-08-15 00:00:00,,3.738973881263424
2008-08-15 01:00:00,,3.702240410676519
2008-08-15 02:00:00,,3.6655069400896148
2008-08-15 03:00:00,,3.62877346950271
2008-08-15 04:00:00,,3.592039998915805
2008-08-15 05:00:00,,3.5553065283289
2008-08-15 06:00:00,,3.518573057741995
2008-08-15 07:00:00,,3.4818395871550907
2008-08-15 08:00:00,,3.4451061165681858
2008-08-15 09:00:00,,3.408372645981281
2008-08-15 10:00:00,,3.371639175394376
2008-08-15 11:00:00,,3.334905704807471
2008-08-15 12:00:00,,3.2981722342205666
2008-08-15 13:00:00,,3.2614387636336617
2008-08-15 14:00:00,,3.224705293046757
2008-08-15 15:00:00,6534874.4829,3.187971822459852
2008-08-15 16:00:00,,3.1693013933081158
2008-08-15 17:00:00,,3.150630964156379
2008-08-15 18:00:00,,3.131960535004643
2008-08-15 19:00:00,,3.113290105852907
2008-08-15 20:00:00,,3.094619676701171
2008-08-15 21:00:00,,3.0759492475494343
2008-08-15 22:00:00,,3.057278818397698
2008-08-15 23:00:00,,3.038608389245962
2008-08-16 00:00:00,,3.019937960094226
2008-08-16 01:00:00,,3.0012675309424894
2008-08-16 02:00:00,,2.9825971017907533
2008-08-16 03:00:00,,2.963926672639017
2008-08-16 04:00:00,,2.945256243487281
2008-08-16 05:00:00,,2.9265858143355445
2008-08-16 06:00:00,,2.9079153851838084
2008-08-16 07:00:00,,2.8892449560320723
2008-08-16 08:00:00,,2.870574526880336
2008-08-16 09:00:00,,2.8519040977285997
2008-08-16 10:00:00,,2.8332336685768635
2008-08-16 11:00:00,,2.8145632394251274
2008-08-16 12:00:00,,2.7958928102733913
2008-08-16 13:00:00,,2.7772223811216548
2008-08-16 14:00:00,,2.7585519519699186
2008-08-16 15:00:00,,2.7398815228181825
2008-08-16 16:00:00,,2.7212110936664464
2008-08-16 17:00:00,,2.70254066451471
2008-08-16 18:00:00,,2.6838702353629738
2008-08-16 19:00:00,,2.6651998062112376
2008-08-16 20:00:00,,2.6465293770595015
2008-08-16 21:00:00,,2.627858947907765
2008-08-16 22:00:00,6647139.6688,2.609188518756029
2008-08-16 23:00:00,,2.596192678971204
2008-08-17 00:00:00,,2.583196839186379
2008-08-17 01:00:00,,2.570200999401554
2008-08-17 02:00:00,,2.557205159616729
2008-08-17 03:00:00,,2.544209319831904
2008-08-17 04:00:00,,2.531213480047079
2008-08-17 05:00:00,,2.5182176402622543
2008-08-17 06:00:00,,2.5052218004774294
2008-08-17 07:00:00,,2.4922259606926045
2008-08-17 08:00:00,,2.4792301209077796
2008-08-17 09:00:00,,2.4662342811229543
2008-08-17 10:00:00,,2.4532384413381294
2008-08-17 11:00:00,,2.4402426015533045
2008-08-17 12:00:00,,2.4272467617684796
2008-08-17 13:00:00,,2.4142509219836548
2008-08-17 14:00:00,,2.40125508219883
2008-08-17 15:00:00,,2.3882592424140046
2008-08-17 16:00:00,,2.3752634026291797
2008-08-17 17:00:00,,2.362267562844355
2008-08-17 18:00:00,,2.34927172305953
2008-08-17 19:00:00,,2.336275883274705
2008-08-17 20:00:00,,2.32328004348988
2008-08-17 21:00:00,,2.3102842037050553
2008-08-17 22:00:00,,2.29728836392023
2008-08-17 23:00:00,,2.284292524135405
2008-08-18 00:00:00,,2.27129668435058
2008-08-18 01:00:00,6745595.673,2.2583008445657553
2008-08-18 02:00:00,,2.237981863189021
2008-08-18 03:00:00,,2.2176628818122874
2008-08-18 04:00:00,,2.1973439004355533
2008-08-18 05:00:00,,2.177024919058819
2008-08-18 06:00:00,,2.1567059376820854
2008-08-18 07:00:00,6766679.6258,2.1363869563053512
2008-08-18 08:00:00,6770191.22095,2.128483267248863
2008-08-18 09:00:00,6773635.006750001,2.1194290696973668
2008-08-18 10:00:00,6777002.6952,2.1100173703729155
2008-08-18 11:00:00,6780437.073133334,2.100488303093323
2008-08-18 12:00:00,6784095.630925,2.0928807350145933
2008-08-18 13:00:00,6787981.849666667,2.092138432669698
2008-08-18 14:00:00,6791131.141266666,2.0892812534128975
2008-08-18 15:00:00,6794788.1809,2.0874479525781764
2008-08-18 16:00:00,6798476.668175,2.0794955879901136
2008-08-18 17:00:00,6802197.838225,2.075024070325285
2008-08-18 18:00:00,6805561.35275,2.065768219809477
2008-08-18 19:00:00,6809204.48535,2.0633062728162113
2008-08-18 20:00:00,6812443.149075,2.0538078351780302
2008-08-18 21:00:00,6816475.7767,2.0512340820076407
2008-08-18 22:00:00,6820075.054874999,2.0404264237085656
2008-08-18 23:00:00,6823775.213625,2.036178318555466
2008-08-19 00:00:00,6827185.896975,2.0280401256997393
2008-08-19 01:00:00,6830966.037675,2.0262803134029936
2008-08-19 02:00:00,6834530.5372,2.0175252472345275
2008-08-19 03:00:00,6838559.592125,2.0119449312285407
2008-08-19 04:00:00,6842244.0055,2.009346061513864
2008-08-19 05:00:00,6844573.963166666,2.0019024052900263
2008-08-19 06:00:00,6848720.4855,1.9971069549715292
2008-08-19 07:00:00,6853054.448633333,1.9901547092022163
2008-08-19 08:00:00,6856508.23365,1.9856777364944276
2008-08-19 09:00:00,6859800.9877,1.9788868827748576
2008-08-19 10:00:00,6863637.0353500005,1.9765067734991564
2008-08-19 11:00:00,6866796.78125,1.9705590447727375
2008-08-19 12:00:00,6870475.4975499995,1.9686539265033658
2008-08-19 13:00:00,6874379.38385,1.9596336020392267
2008-08-19 14:00:00,6878191.6835,1.9570336465562914
2008-08-19 15:00:00,6881244.5904,1.9527759590583762
2008-08-19 16:00:00,6885061.3131,1.9496026885933464
2008-08-19 17:00:00,,1.939022371007107
2008-08-19 18:00:00,,1.928442053420868
2008-08-19 19:00:00,,1.9178617358346286
2008-08-19 20:00:00,,1.9072814182483895
2008-08-19 21:00:00,,1.8967011006621501
2008-08-19 22:00:00,,1.886120783075911
2008-08-19 23:00:00,,1.8755404654896717
2008-08-20 00:00:00,,1.8649601479034326
2008-08-20 01:00:00,,1.8543798303171932
2008-08-20 02:00:00,,1.843799512730954
2008-08-20 03:00:00,6923122.0928,1.8332191951447148
2008-08-20 04:00:00,,1.829442196449778
2008-08-20 05:00:00,,1.825665197754841
2008-08-20 06:00:00,,1.8218881990599043
2008-08-20 07:00:00,,1.8181112003649673
2008-08-20 08:00:00,,1.8143342016700306
2008-08-20 09:00:00,,1.8105572029750938
2008-08-20 10:00:00,,1.8067802042801568
2008-08-20 11:00:00,,1.80300320558522
2008-08-20 12:00:00,,1.7992262068902831
2008-08-20 13:00:00,6961826.9675,1.7954492081953464
2008-08-20 14:00:00,,1.7995303610481586
2008-08-20 15:00:00,,1.803611513900971
2008-08-20 16:00:00,,1.8076926667537832
2008-08-20 17:00:00,,1.8117738196065956
2008-08-20 18:00:00,,1.8158549724594077
2008-08-20 19:00:00,,1.81993612531222
2008-08-20 20:00:00,,1.8240172781650323
2008-08-20 21:00:00,,1.8280984310178445
2008-08-20 22:00:00,,1.832179583870657
2008-08-20 23:00:00,6997334.7664,1.8362607367234691
2008-08-21 00:00:00,,1.8420834718654413
2008-08-21 01:00:00,,1.8479062070074133
2008-08-21 02:00:00,,1.8537289421493854
2008-08-21 03:00:00,,1.8595516772913576
2008-08-21 04:00:00,,1.8653744124333298
2008-08-21 05:00:00,,1.8711971475753018
2008-08-21 06:00:00,,1.877019882717274
2008-08-21 07:00:00,,1.8828426178592461
2008-08-21 08:00:00,,1.8886653530012183
2008-08-21 09:00:00,,1.8944880881431903
2008-08-21 10:00:00,7036006.9708,1.9003108232851624
2008-08-21 11:00:00,,1.9007908927184038
2008-08-21 12:00:00,,1.9012709621516455
2008-08-21 13:00:00,,1.901751031584887
2008-08-21 14:00:00,,1.9022311010181285
2008-08-21 15:00:00,,1.90271117045137
2008-08-21 16:00:00,,1.9031912398846116
2008-08-21 17:00:00,,1.903671309317853
2008-08-21 18:00:00,,1.9041513787510946
2008-08-21 19:00:00,,1.904631448184336
2008-08-21 20:00:00,,1.9051115176175777
2008-08-21 21:00:00,7075428.1616,1.905591587050819
2008-08-21 22:00:00,,1.9035619193321844
2008-08-21 23:00:00,,1.9015322516135498
2008-08-22 00:00:00,,1.8995025838949149
2008-08-22 01:00:00,,1.8974729161762802
2008-08-22 02:00:00,,1.8954432484576456
2008-08-22 03:00:00,,1.893413580739011
2008-08-22 04:00:00,,1.8913839130203762
2008-08-22 05:00:00,,1.8893542453017416
2008-08-22 06:00:00,,1.8873245775831067
2008-08-22 07:00:00,,1.885294909864472
2008-08-22 08:00:00,7115388.3231,1.8832652421458373
2008-08-22 09:00:00,,1.8815818991509117
2008-08-22 10:00:00,,1.8798985561559858
2008-08-22 11:00:00,,1.87821521316106
2008-08-22 12:00:00,,1.8765318701661342
2008-08-22 13:00:00,,1.8748485271712085
2008-08-22 14:00:00,,1.8731651841762826
2008-08-22 15:00:00,,1.871481841181357
2008-08-22 16:00:00,,1.869798498186431
2008-08-22 17:00:00,,1.8681151551915054
2008-08-22 18:00:00,,1.8664318121965795
2008-08-22 19:00:00,7155760.6515,1.8647484692016538
2008-08-22 20:00:00,,1.8632065628832661
2008-08-22 21:00:00,,1.8616646565648785
2008-08-22 22:00:00,,1.8601227502464908
2008-08-22 23:00:00,,1.8585808439281033
2008-08-23 00:00:00,,1.8570389376097156
2008-08-23 01:00:00,,1.855497031291328
2008-08-23 02:00:00,,1.8539551249729402
2008-08-23 03:00:00,,1.8524132186545526
2008-08-23 04:00:00,,1.8508713123361649
2008-08-23 05:00:00,,1.8493294060177774
2008-08-23 06:00:00,,1.8477874996993897
2008-08-23 07:00:00,7199576.3899,1.846245593381002
2008-08-23 08:00:00,,1.8420964884897244
2008-08-23 09:00:00,,1.8379473835984466
2008-08-23 10:00:00,,1.833798278707169
2008-08-23 11:00:00,,1.829649173815891
2008-08-23 12:00:00,,1.8255000689246135
2008-08-23 13:00:00,,1.8213509640333356
2008-08-23 14:00:00,,1.817201859142058
2008-08-23 15:00:00,,1.8130527542507802
2008-08-23 16:00:00,,1.8089036493595025
2008-08-23 17:00:00,,1.8047545444682247
2008-08-23 18:00:00,,1.800605439576947
2008-08-23 19:00:00,,1.7964563346856692
2008-08-23 20:00:00,,1.7923072297943916
2008-08-23 21:00:00,,1.7881581249031138
2008-08-23 22:00:00,7250423.4101,1.7840090200118361
2008-08-23 23:00:00,,1.7779030716379722
2008-08-24 00:00:00,,1.7717971232641085
2008-08-24 01:00:00,,1.7656911748902446
2008-08-24 02:00:00,,1.7595852265163807
2008-08-24 03:00:00,,1.753479278142517
2008-08-24 04:00:00,,1.7473733297686531
2008-08-24 05:00:00,,1.7412673813947892
2008-08-24 06:00:00,,1.7351614330209253
2008-08-24 07:00:00,,1.7290554846470616
2008-08-24 08:00:00,,1.7229495362731977
2008-08-24 09:00:00,,1.7168435878993338
2008-08-24 10:00:00,,1.71073763952547
2008-08-24 11:00:00,7299074.4239,1.7046316911516062
2008-08-24 12:00:00,,1.6999701477836597
2008-08-24 13:00:00,,1.6953086044157133
2008-08-24 14:00:00,,1.6906470610477669
2008-08-24 15:00:00,,1.6859855176798204
2008-08-24 16:00:00,,1.681323974311874
2008-08-24 17:00:00,,1.6766624309439275
2008-08-24 18:00:00,,1.672000887575981
2008-08-24 19:00:00,,1.6673393442080346
2008-08-24 20:00:00,,1.6626778008400882
2008-08-24 21:00:00,,1.6580162574721418
2008-08-24 22:00:00,,1.6533547141041953
2008-08-24 23:00:00,,1.6486931707362489
2008-08-25 00:00:00,7346752.0349,1.6440316273683024
2008-08-25 01:00:00,,1.6397811127112318
2008-08-25 02:00:00,,1.6355305980541615
2008-08-25 03:00:00,,1.6312800833970909
2008-08-25 04:00:00,,1.6270295687400202
2008-08-25 05:00:00,,1.6227790540829496
2008-08-25 06:00:00,,1.6185285394258793
2008-08-25 07:00:00,,1.6142780247688087
2008-08-25 08:00:00,,1.610027510111738
2008-08-25 09:00:00,,1.6057769954546677
2008-08-25 10:00:00,,1.601526480797597
2008-08-25 11:00:00,,1.5972759661405265
2008-08-25 12:00:00,,1.5930254514834559
2008-08-25 13:00:00,,1.5887749368263855
2008-08-25 14:00:00,7396857.0738,1.5845244221693149
2008-08-25 15:00:00,,1.5791072431102682
2008-08-25 16:00:00,,1.5736900640512215
2008-08-25 17:00:00,,1.5682728849921748
2008-08-25 18:00:00,,1.562855705933128
2008-08-25 19:00:00,,1.5574385268740814
2008-08-25 20:00:00,,1.5520213478150346
2008-08-25 21:00:00,,1.5466041687559877
2008-08-25 22:00:00,,1.541186989696941
2008-08-25 23:00:00,,1.5357698106378943
2008-08-26 00:00:00,,1.5303526315788476
2008-08-26 01:00:00,,1.524935452519801
2008-08-26 02:00:00,,1.5195182734607542
2008-08-26 03:00:00,,1.5141010944017075
2008-08-26 04:00:00,7448202.0328,1.5086839153426608
2008-08-26 05:00:00,,1.502695668399459
2008-08-26 06:00:00,,1.4967074214562575
2008-08-26 07:00:00,,1.4907191745130557
2008-08-26 08:00:00,,1.4847309275698541
2008-08-26 09:00:00,,1.4787426806266524
2008-08-26 10:00:00,,1.4727544336834508
2008-08-26 11:00:00,,1.466766186740249
2008-08-26 12:00:00,,1.4607779397970475
2008-08-26 13:00:00,,1.4547896928538457
2008-08-26 14:00:00,,1.4488014459106442
2008-08-26 15:00:00,,1.4428131989674424
2008-08-26 16:00:00,,1.4368249520242409
2008-08-26 17:00:00,,1.430836705081039
2008-08-26 18:00:00,,1.4248484581378376
2008-08-26 19:00:00,7501437.8782,1.4188602111946358
2008-08-26 20:00:00,,1.4129505173247676
2008-08-26 21:00:00,,1.4070408234548997
2008-08-26 22:00:00,,1.4011311295850315
2008-08-26 23:00:00,,1.3952214357151633
2008-08-27 00:00:00,,1.3893117418452952
2008-08-27 01:00:00,,1.3834020479754272
2008-08-27 02:00:00,,1.377492354105559
2008-08-27 03:00:00,,1.3715826602356909
2008-08-27 04:00:00,,1.365672966365823
2008-08-27 05:00:00,,1.3597632724959547
2008-08-27 06:00:00,,1.3538535786260866
2008-08-27 07:00:00,,1.3479438847562184
2008-08-27 08:00:00,,1.3420341908863505
2008-08-27 09:00:00,7550249.2995,1.3361244970164823
2008-08-27 10:00:00,,1.3349058253622559
2008-08-27 11:00:00,,1.3336871537080293
2008-08-27 12:00:00,,1.3324684820538029
2008-08-27 13:00:00,,1.3312498103995762
2008-08-27 14:00:00,,1.3300311387453498
2008-08-27 15:00:00,,1.3288124670911232
2008-08-27 16:00:00,,1.3275937954368968
2008-08-27 17:00:00,,1.3263751237826704
2008-08-27 18:00:00,,1.3251564521284438
2008-08-27 19:00:00,,1.3239377804742174
2008-08-27 20:00:00,,1.3227191088199908
2008-08-27 21:00:00,7595088.8882,1.3215004371657644
2008-08-27 22:00:00,,1.3251445896209926
2008-08-27 23:00:00,,1.328788742076221
2008-08-28 00:00:00,,1.3324328945314492
2008-08-28 01:00:00,,1.3360770469866776
2008-08-28 02:00:00,,1.3397211994419058
2008-08-28 03:00:00,7615950.2017,1.3433653518971342
2008-08-28 04:00:00,,1.4177358087148593
2008-08-28 05:00:00,,1.492106265532584
2008-08-28 06:00:00,,1.566476722350309
2008-08-28 07:00:00,7630058.7546,1.640847179168034
2008-08-28 08:00:00,,1.956732224101377
2008-08-28 09:00:00,,2.27261726903472
2008-08-28 10:00:00,,2.588502313968063
2008-08-28 11:00:00,7643177.3164,2.904387358901406
2008-08-28 12:00:00,,5.064166986758953
2008-08-28 13:00:00,7652645.7226,7.2239466146165
2008-08-28 14:00:00,,7.993433523149418
2008-08-28 15:00:00,,8.762920431682335
2008-08-28 16:00:00,,9.532407340215252
2008-08-28 17:00:00,7665522.2201,10.301894248748171
2008-08-28 18:00:00,,11.426080088328069
2008-08-28 19:00:00,,12.550265927907967
2008-08-28 20:00:00,7678599.8341,13.674451767487865
2008-08-28 21:00:00,,14.62243923476066
2008-08-28 22:00:00,,15.570426702033455
2008-08-28 23:00:00,,16.51841416930625
2008-08-29 00:00:00,7691796.8902,17.466401636579047
2008-08-29 01:00:00,,18.25214279418103
2008-08-29 02:00:00,,19.03788395178301
2008-08-29 03:00:00,,19.82362510938499
2008-08-29 04:00:00,,20.60936626698697
2008-08-29 05:00:00,7708339.6341,21.395107424588954
2008-08-29 06:00:00,,21.549942788071284
2008-08-29 07:00:00,,21.70477815155362
2008-08-29 08:00:00,,21.85961351503595
2008-08-29 09:00:00,,22.01444887851828
2008-08-29 10:00:00,,22.169284242000614
2008-08-29 11:00:00,,22.324119605482945
2008-08-29 12:00:00,,22.478954968965276
2008-08-29 13:00:00,,22.63379033244761
2008-08-29 14:00:00,7742793.9361,22.78862569592994
2008-08-29 15:00:00,,22.429524623375276
2008-08-29 16:00:00,,22.07042355082061
2008-08-29 17:00:00,,21.711322478265945
2008-08-29 18:00:00,,21.35222140571128
2008-08-29 19:00:00,,20.993120333156615
2008-08-29 20:00:00,,20.63401926060195
2008-08-29 21:00:00,,20.274918188047284
2008-08-29 22:00:00,,19.915817115492615
2008-08-29 23:00:00,,19.55671604293795
2008-08-30 00:00:00,,19.197614970383285
2008-08-30 01:00:00,,18.83851389782862
2008-08-30 02:00:00,,18.479412825273954
2008-08-30 03:00:00,,18.12031175271929
2008-08-30 04:00:00,,17.761210680164623
2008-08-30 05:00:00,,17.402109607609958
2008-08-30 06:00:00,,17.043008535055293
2008-08-30 07:00:00,,16.683907462500628
2008-08-30 08:00:00,,16.324806389945962
2008-08-30 09:00:00,,15.965705317391295
2008-08-30 10:00:00,,15.60660424483663
2008-08-30 11:00:00,,15.247503172281965
2008-08-30 12:00:00,,14.8884020997273
2008-08-30 13:00:00,7822979.2204,14.529301027172634
2008-08-30 14:00:00,,14.210194720167593
2008-08-30 15:00:00,,13.891088413162551
2008-08-30 16:00:00,,13.57198210615751
2008-08-30 17:00:00,,13.252875799152468
2008-08-30 18:00:00,,12.933769492147427
2008-08-30 19:00:00,,12.614663185142383
2008-08-30 20:00:00,,12.295556878137342
2008-08-30 21:00:00,,11.9764505711323
2008-08-30 22:00:00,,11.657344264127259
2008-08-30 23:00:00,,11.338237957122217
2008-08-31 00:00:00,7862855.1748,11.019131650117176
