Grafton flow,1,1.06.2008 06:00,0
v13,2,1.06.2008 07:00,1594.431
,3,1.06.2008 08:00,1678.271
,4,1.06.2008 09:00,1729.407
,5,1.06.2008 10:00,1764.929
,6,1.06.2008 11:00,1791.506
,7,1.06.2008 12:00,1811.736
,8,1.06.2008 13:00,1830.099
,9,1.06.2008 14:00,1845.585
,10,1.06.2008 15:00,1858.601
,11,1.06.2008 16:00,1869.776
,12,1.06.2008 17:00,1879.626
,13,1.06.2008 18:00,1888.382
,14,1.06.2008 19:00,1896.264
,15,1.06.2008 20:00,1903.415
,16,1.06.2008 21:00,1909.692
,17,1.06.2008 22:00,1915.587
,18,1.06.2008 23:00,1921.065
,19,2.06.2008 00:00,1926.171
,20,2.06.2008 01:00,1930.881
,21,2.06.2008 02:00,1935.361
,22,2.06.2008 03:00,1939.573
,23,2.06.2008 04:00,1943.578
,24,2.06.2008 05:00,1947.385
,25,2.06.2008 06:00,1951.022
,26,2.06.2008 07:00,1955.109
,27,2.06.2008 08:00,1960.213
,28,2.06.2008 09:00,1965.821
,29,2.06.2008 10:00,1971.725
,30,2.06.2008 11:00,1977.812
,31,2.06.2008 12:00,1984.029
,32,2.06.2008 13:00,1990.352
,33,2.06.2008 14:00,1996.745
,34,2.06.2008 15:00,2003.185
,35,2.06.2008 16:00,2009.711
,36,2.06.2008 17:00,2016.267
,37,2.06.2008 18:00,2022.876
,38,2.06.2008 19:00,2029.522
,39,2.06.2008 20:00,2036.209
,40,2.06.2008 21:00,2042.899
,41,2.06.2008 22:00,2049.631
,42,2.06.2008 23:00,2056.393
,43,3.06.2008 00:00,2063.175
,44,3.06.2008 01:00,2069.975
,45,3.06.2008 02:00,2076.8
,46,3.06.2008 03:00,2083.641
,47,3.06.2008 04:00,2090.517
,48,3.06.2008 05:00,2097.404
,49,3.06.2008 06:00,2104.308
,50,3.06.2008 07:00,2110.728
,51,3.06.2008 08:00,2116.279
,52,3.06.2008 09:00,2121.379
,53,3.06.2008 10:00,2126.203
,54,3.06.2008 11:00,2130.829
,55,3.06.2008 12:00,2135.305
,56,3.06.2008 13:00,2139.661
,57,3.06.2008 14:00,2143.902
,58,3.06.2008 15:00,2148.051
,59,3.06.2008 16:00,2152.136
,60,3.06.2008 17:00,2156.141
,61,3.06.2008 18:00,2160.111
,62,3.06.2008 19:00,2164.036
,63,3.06.2008 20:00,2167.926
,64,3.06.2008 21:00,2171.785
,65,3.06.2008 22:00,2175.629
,66,3.06.2008 23:00,2179.45
,67,4.06.2008 00:00,2183.256
,68,4.06.2008 01:00,2187.071
,69,4.06.2008 02:00,2190.893
,70,4.06.2008 03:00,2194.722
,71,4.06.2008 04:00,2198.589
,72,4.06.2008 05:00,2202.488
,73,4.06.2008 06:00,2206.431
,74,4.06.2008 07:00,2210.64
,75,4.06.2008 08:00,2215.285
,76,4.06.2008 09:00,2220.216
,77,4.06.2008 10:00,2225.384
,78,4.06.2008 11:00,2230.763
,79,4.06.2008 12:00,2236.367
,80,4.06.2008 13:00,2242.211
,81,4.06.2008 14:00,2248.307
,82,4.06.2008 15:00,2254.685
,83,4.06.2008 16:00,2261.372
,84,4.06.2008 17:00,2268.388
,85,4.06.2008 18:00,2275.768
,86,4.06.2008 19:00,2283.552
,87,4.06.2008 20:00,2291.777
,88,4.06.2008 21:00,2300.496
,89,4.06.2008 22:00,2309.739
,90,4.06.2008 23:00,2319.563
,91,5.06.2008 00:00,2330.03
,92,5.06.2008 01:00,2341.17
,93,5.06.2008 02:00,2353.046
,94,5.06.2008 03:00,2365.714
,95,5.06.2008 04:00,2379.242
,96,5.06.2008 05:00,2393.682
,97,5.06.2008 06:00,2409.085
,98,5.06.2008 07:00,2425.294
,99,5.06.2008 08:00,2442.189
,100,5.06.2008 09:00,2460.045
,101,5.06.2008 10:00,2478.947
,102,5.06.2008 11:00,2498.967
,103,5.06.2008 12:00,2520.174
,104,5.06.2008 13:00,2542.603
,105,5.06.2008 14:00,2566.313
,106,5.06.2008 15:00,2591.302
,107,5.06.2008 16:00,2617.625
,108,5.06.2008 17:00,2645.261
,109,5.06.2008 18:00,2674.293
,110,5.06.2008 19:00,2704.641
,111,5.06.2008 20:00,2736.334
,112,5.06.2008 21:00,2769.404
,113,5.06.2008 22:00,2803.762
,114,5.06.2008 23:00,2839.523
,115,6.06.2008 00:00,2876.569
,116,6.06.2008 01:00,2914.888
,117,6.06.2008 02:00,2954.429
,118,6.06.2008 03:00,2995.114
,119,6.06.2008 04:00,3036.893
,120,6.06.2008 05:00,3079.807
,121,6.06.2008 06:00,3123.751
,122,6.06.2008 07:00,3168.753
,123,6.06.2008 08:00,3214.836
,124,6.06.2008 09:00,3261.914
,125,6.06.2008 10:00,3309.964
,126,6.06.2008 11:00,3359.004
,127,6.06.2008 12:00,3408.904
,128,6.06.2008 13:00,3459.575
,129,6.06.2008 14:00,3511.022
,130,6.06.2008 15:00,3563.283
,131,6.06.2008 16:00,3616.298
,132,6.06.2008 17:00,3670.076
,133,6.06.2008 18:00,3724.551
,134,6.06.2008 19:00,3779.571
,135,6.06.2008 20:00,3835.012
,136,6.06.2008 21:00,3891.003
,137,6.06.2008 22:00,3947.425
,138,6.06.2008 23:00,4004.135
,139,7.06.2008 00:00,4060.859
,140,7.06.2008 01:00,4117.745
,141,7.06.2008 02:00,4175.074
,142,7.06.2008 03:00,4232.949
,143,7.06.2008 04:00,4291.297
,144,7.06.2008 05:00,4350.009
,145,7.06.2008 06:00,4408.819
,146,7.06.2008 07:00,4467.329
,147,7.06.2008 08:00,4525.459
,148,7.06.2008 09:00,4583.049
,149,7.06.2008 10:00,4640.456
,150,7.06.2008 11:00,4697.603
,151,7.06.2008 12:00,4754.374
,152,7.06.2008 13:00,4810.988
,153,7.06.2008 14:00,4867.599
,154,7.06.2008 15:00,4923.937
,155,7.06.2008 16:00,4980.278
,156,7.06.2008 17:00,5036.349
,157,7.06.2008 18:00,5092.329
,158,7.06.2008 19:00,5147.834
,159,7.06.2008 20:00,5203.098
,160,7.06.2008 21:00,5257.959
,161,7.06.2008 22:00,5312.455
,162,7.06.2008 23:00,5366.587
,163,8.06.2008 00:00,5420.451
,164,8.06.2008 01:00,5474.138
,165,8.06.2008 02:00,5527.618
,166,8.06.2008 03:00,5580.658
,167,8.06.2008 04:00,5633.391
,168,8.06.2008 05:00,5685.746
,169,8.06.2008 06:00,5737.297
,170,8.06.2008 07:00,5787.987
,171,8.06.2008 08:00,5838.209
,172,8.06.2008 09:00,5888.305
,173,8.06.2008 10:00,5938.221
,174,8.06.2008 11:00,5987.402
,175,8.06.2008 12:00,6029.167
,176,8.06.2008 13:00,6070.01
,177,8.06.2008 14:00,6110.274
,178,8.06.2008 15:00,6149.778
,179,8.06.2008 16:00,6188.33
,180,8.06.2008 17:00,6226.715
,181,8.06.2008 18:00,6264.991
,182,8.06.2008 19:00,6303.253
,183,8.06.2008 20:00,6342.131
,184,8.06.2008 21:00,6381.837
,185,8.06.2008 22:00,6421.037
,186,8.06.2008 23:00,6457.683
,187,9.06.2008 00:00,6492.837
,188,9.06.2008 01:00,6527.981
,189,9.06.2008 02:00,6564.141
,190,9.06.2008 03:00,6600.51
,191,9.06.2008 04:00,6637.588
,192,9.06.2008 05:00,6675.268
,193,9.06.2008 06:00,6712.389
,194,9.06.2008 07:00,6748.845
,195,9.06.2008 08:00,6784.408
,196,9.06.2008 09:00,6818.646
,197,9.06.2008 10:00,6851.453
,198,9.06.2008 11:00,6883.174
,199,9.06.2008 12:00,6913.914
,200,9.06.2008 13:00,6943.523
,201,9.06.2008 14:00,6972.393
,202,9.06.2008 15:00,7000.02
,203,9.06.2008 16:00,7026.629
,204,9.06.2008 17:00,7052.357
,205,9.06.2008 18:00,7077.341
,206,9.06.2008 19:00,7101.366
,207,9.06.2008 20:00,7124.709
,208,9.06.2008 21:00,7147.19
,209,9.06.2008 22:00,7168.889
,210,9.06.2008 23:00,7189.82
,211,10.06.2008 00:00,7210.121
,212,10.06.2008 01:00,7229.733
,213,10.06.2008 02:00,7248.8
,214,10.06.2008 03:00,7267.238
,215,10.06.2008 04:00,7285.1
,216,10.06.2008 05:00,7302.424
,217,10.06.2008 06:00,7319.153
,218,10.06.2008 07:00,7335.227
,219,10.06.2008 08:00,7350.71
,220,10.06.2008 09:00,7365.452
,221,10.06.2008 10:00,7379.934
,222,10.06.2008 11:00,7393.914
,223,10.06.2008 12:00,7407.294
,224,10.06.2008 13:00,7420.462
,225,10.06.2008 14:00,7433.122
,226,10.06.2008 15:00,7445.431
,227,10.06.2008 16:00,7457.246
,228,10.06.2008 17:00,7468.789
,229,10.06.2008 18:00,7480.002
,230,10.06.2008 19:00,7490.894
,231,10.06.2008 20:00,7501.509
,232,10.06.2008 21:00,7511.825
,233,10.06.2008 22:00,7521.889
,234,10.06.2008 23:00,7531.687
,235,11.06.2008 00:00,7541.222
,236,11.06.2008 01:00,7550.512
,237,11.06.2008 02:00,7559.812
,238,11.06.2008 03:00,7568.889
,239,11.06.2008 04:00,7577.765
,240,11.06.2008 05:00,7586.414
,241,11.06.2008 06:00,7595.103
,242,11.06.2008 07:00,7603.484
,243,11.06.2008 08:00,7611.64
,244,11.06.2008 09:00,7619.458
,245,11.06.2008 10:00,7627.574
,246,11.06.2008 11:00,7635.486
,247,11.06.2008 12:00,7643.331
,248,11.06.2008 13:00,7651.185
,249,11.06.2008 14:00,7658.994
,250,11.06.2008 15:00,7666.821
,251,11.06.2008 16:00,7674.651
,252,11.06.2008 17:00,7682.498
,253,11.06.2008 18:00,7690.427
,254,11.06.2008 19:00,7698.414
,255,11.06.2008 20:00,7706.483
,256,11.06.2008 21:00,7714.624
,257,11.06.2008 22:00,7722.824
,258,11.06.2008 23:00,7731.149
,259,12.06.2008 00:00,7739.584
,260,12.06.2008 01:00,7748.203
,261,12.06.2008 02:00,7756.929
,262,12.06.2008 03:00,7765.727
,263,12.06.2008 04:00,7774.716
,264,12.06.2008 05:00,7783.885
,265,12.06.2008 06:00,7793.201
,266,12.06.2008 07:00,7802.59
,267,12.06.2008 08:00,7812.13
,268,12.06.2008 09:00,7821.765
,269,12.06.2008 10:00,7831.599
,270,12.06.2008 11:00,7841.575
,271,12.06.2008 12:00,7851.702
,272,12.06.2008 13:00,7862.024
,273,12.06.2008 14:00,7872.488
,274,12.06.2008 15:00,7883.086
,275,12.06.2008 16:00,7893.905
,276,12.06.2008 17:00,7904.861
,277,12.06.2008 18:00,7915.975
,278,12.06.2008 19:00,7927.251
,279,12.06.2008 20:00,7938.638
,280,12.06.2008 21:00,7950.224
,281,12.06.2008 22:00,7961.953
,282,12.06.2008 23:00,7973.814
,283,13.06.2008 00:00,7985.759
,284,13.06.2008 01:00,7997.909
,285,13.06.2008 02:00,8010.123
,286,13.06.2008 03:00,8022.486
,287,13.06.2008 04:00,8034.934
,288,13.06.2008 05:00,8047.485
,289,13.06.2008 06:00,8060.119
,290,13.06.2008 07:00,8072.703
,291,13.06.2008 08:00,8085.212
,292,13.06.2008 09:00,8097.619
,293,13.06.2008 10:00,8110.273
,294,13.06.2008 11:00,8122.904
,295,13.06.2008 12:00,8135.597
,296,13.06.2008 13:00,8148.242
,297,13.06.2008 14:00,8160.93
,298,13.06.2008 15:00,8173.669
,299,13.06.2008 16:00,8186.37
,300,13.06.2008 17:00,8199.139
,301,13.06.2008 18:00,8211.905
,302,13.06.2008 19:00,8224.662
,303,13.06.2008 20:00,8237.462
,304,13.06.2008 21:00,8250.25
,305,13.06.2008 22:00,8263.042
,306,13.06.2008 23:00,8275.82
,307,14.06.2008 00:00,8288.611
,308,14.06.2008 01:00,8301.39
,309,14.06.2008 02:00,8314.194
,310,14.06.2008 03:00,8327.004
,311,14.06.2008 04:00,8339.81
,312,14.06.2008 05:00,8352.612
,313,14.06.2008 06:00,8365.444
,314,14.06.2008 07:00,8377.918
,315,14.06.2008 08:00,8390.168
,316,14.06.2008 09:00,8402.343
,317,14.06.2008 10:00,8414.486
,318,14.06.2008 11:00,8426.569
,319,14.06.2008 12:00,8438.59
,320,14.06.2008 13:00,8450.707
,321,14.06.2008 14:00,8462.741
,322,14.06.2008 15:00,8474.912
,323,14.06.2008 16:00,8487.04
,324,14.06.2008 17:00,8499.204
,325,14.06.2008 18:00,8511.422
,326,14.06.2008 19:00,8523.807
,327,14.06.2008 20:00,8536.079
,328,14.06.2008 21:00,8548.528
,329,14.06.2008 22:00,8561.12
,330,14.06.2008 23:00,8573.816
,331,15.06.2008 00:00,8586.674
,332,15.06.2008 01:00,8599.711
,333,15.06.2008 02:00,8612.923
,334,15.06.2008 03:00,8626.334
,335,15.06.2008 04:00,8639.959
,336,15.06.2008 05:00,8653.825
,337,15.06.2008 06:00,8667.931
,338,15.06.2008 07:00,8681.995
,339,15.06.2008 08:00,8696.139
,340,15.06.2008 09:00,8710.477
,341,15.06.2008 10:00,8725.071
,342,15.06.2008 11:00,8739.919
,343,15.06.2008 12:00,8755.119
,344,15.06.2008 13:00,8770.646
,345,15.06.2008 14:00,8786.484
,346,15.06.2008 15:00,8802.711
,347,15.06.2008 16:00,8819.197
,348,15.06.2008 17:00,8836.238
,349,15.06.2008 18:00,8853.658
,350,15.06.2008 19:00,8871.501
,351,15.06.2008 20:00,8889.842
,352,15.06.2008 21:00,8908.616
,353,15.06.2008 22:00,8927.853
,354,15.06.2008 23:00,8947.565
,355,16.06.2008 00:00,8967.787
,356,16.06.2008 01:00,8988.494
,357,16.06.2008 02:00,9009.942
,358,16.06.2008 03:00,9031.522
,359,16.06.2008 04:00,9053.808
,360,16.06.2008 05:00,9076.569
,361,16.06.2008 06:00,9099.883
,362,16.06.2008 07:00,9123.705
,363,16.06.2008 08:00,9148.058
,364,16.06.2008 09:00,9172.928
,365,16.06.2008 10:00,9198.373
,366,16.06.2008 11:00,9224.385
,367,16.06.2008 12:00,9251.029
,368,16.06.2008 13:00,9278.256
,369,16.06.2008 14:00,9306.089
,370,16.06.2008 15:00,9334.599
,371,16.06.2008 16:00,9363.688
,372,16.06.2008 17:00,9393.401
,373,16.06.2008 18:00,9423.779
,374,16.06.2008 19:00,9454.807
,375,16.06.2008 20:00,9486.531
,376,16.06.2008 21:00,9518.924
,377,16.06.2008 22:00,9552.021
,378,16.06.2008 23:00,9585.972
,379,17.06.2008 00:00,9620.474
,380,17.06.2008 01:00,9655.737
,381,17.06.2008 02:00,9691.716
,382,17.06.2008 03:00,9728.436
,383,17.06.2008 04:00,9765.907
,384,17.06.2008 05:00,9804.16
,385,17.06.2008 06:00,9843.087
,386,17.06.2008 07:00,9882.755
,387,17.06.2008 08:00,9923.085
,388,17.06.2008 09:00,9964.074
,389,17.06.2008 10:00,10005.763
,390,17.06.2008 11:00,10048.189
,391,17.06.2008 12:00,10091.139
,392,17.06.2008 13:00,10134.684
,393,17.06.2008 14:00,10178.825
,394,17.06.2008 15:00,10223.446
,395,17.06.2008 16:00,10268.433
,396,17.06.2008 17:00,10313.869
,397,17.06.2008 18:00,10366.808
,398,17.06.2008 19:00,10411.644
,399,17.06.2008 20:00,10457.056
,400,17.06.2008 21:00,10503.141
,401,17.06.2008 22:00,10556.26
,402,17.06.2008 23:00,10601.446
,403,18.06.2008 00:00,10647.237
,404,18.06.2008 01:00,10693.208
,405,18.06.2008 02:00,10739.337
,406,18.06.2008 03:00,10785.299
,407,18.06.2008 04:00,10830.95
,408,18.06.2008 05:00,10876.337
,409,18.06.2008 06:00,10921.774
,410,18.06.2008 07:00,10966.693
,411,18.06.2008 08:00,11011.148
,412,18.06.2008 09:00,11055.169
,413,18.06.2008 10:00,11098.794
,414,18.06.2008 11:00,11141.985
,415,18.06.2008 12:00,11184.834
,416,18.06.2008 13:00,11227.23
,417,18.06.2008 14:00,11269.109
,418,18.06.2008 15:00,11310.627
,419,18.06.2008 16:00,11351.74
,420,18.06.2008 17:00,11392.648
,421,18.06.2008 18:00,11433.37
,422,18.06.2008 19:00,11474.026
,423,18.06.2008 20:00,11514.761
,424,18.06.2008 21:00,11555.514
,425,18.06.2008 22:00,11596.285
,426,18.06.2008 23:00,11637.401
,427,19.06.2008 00:00,11678.357
,428,19.06.2008 01:00,11719.408
,429,19.06.2008 02:00,11760.761
,430,19.06.2008 03:00,11802.255
,431,19.06.2008 04:00,11843.875
,432,19.06.2008 05:00,11885.731
,433,19.06.2008 06:00,11927.861
,434,19.06.2008 07:00,11970.557
,435,19.06.2008 08:00,12013.676
,436,19.06.2008 09:00,12057.042
,437,19.06.2008 10:00,12100.554
,438,19.06.2008 11:00,12144.166
,439,19.06.2008 12:00,12187.766
,440,19.06.2008 13:00,12231.302
,441,19.06.2008 14:00,12274.735
,442,19.06.2008 15:00,12318.012
,443,19.06.2008 16:00,12361.085
,444,19.06.2008 17:00,12404.027
,445,19.06.2008 18:00,12446.624
,446,19.06.2008 19:00,12488.994
,447,19.06.2008 20:00,12529.755
,448,19.06.2008 21:00,12570.354
,449,19.06.2008 22:00,12610.393
,450,19.06.2008 23:00,12649.384
,451,20.06.2008 00:00,12687.322
,452,20.06.2008 01:00,12724.413
,453,20.06.2008 02:00,12760.602
,454,20.06.2008 03:00,12795.531
,455,20.06.2008 04:00,12829.227
,456,20.06.2008 05:00,12861.484
,457,20.06.2008 06:00,12892.417
,458,20.06.2008 07:00,12921.973
,459,20.06.2008 08:00,12950.107
,460,20.06.2008 09:00,12977.015
,461,20.06.2008 10:00,13002.558
,462,20.06.2008 11:00,13026.759
,463,20.06.2008 12:00,13049.369
,464,20.06.2008 13:00,13070.399
,465,20.06.2008 14:00,13089.766
,466,20.06.2008 15:00,13107.638
,467,20.06.2008 16:00,13123.94
,468,20.06.2008 17:00,13138.7
,469,20.06.2008 18:00,13151.926
,470,20.06.2008 19:00,13163.583
,471,20.06.2008 20:00,13173.725
,472,20.06.2008 21:00,13182.425
,473,20.06.2008 22:00,13189.663
,474,20.06.2008 23:00,13195.427
,475,21.06.2008 00:00,13199.734
,476,21.06.2008 01:00,13202.779
,477,21.06.2008 02:00,13204.401
,478,21.06.2008 03:00,13204.807
,479,21.06.2008 04:00,13203.857
,480,21.06.2008 05:00,13201.81
,481,21.06.2008 06:00,13198.552
,482,21.06.2008 07:00,13194.315
,483,21.06.2008 08:00,13189.109
,484,21.06.2008 09:00,13182.978
,485,21.06.2008 10:00,13175.959
,486,21.06.2008 11:00,13168.135
,487,21.06.2008 12:00,13159.595
,488,21.06.2008 13:00,13150.392
,489,21.06.2008 14:00,13140.598
,490,21.06.2008 15:00,13130.259
,491,21.06.2008 16:00,13119.419
,492,21.06.2008 17:00,13108.205
,493,21.06.2008 18:00,13096.781
,494,21.06.2008 19:00,13085.335
,495,21.06.2008 20:00,13073.924
,496,21.06.2008 21:00,13062.539
,497,21.06.2008 22:00,13051.171
,498,21.06.2008 23:00,13039.71
,499,22.06.2008 00:00,13028.41
,500,22.06.2008 01:00,13017.37
,501,22.06.2008 02:00,13006.642
,502,22.06.2008 03:00,12996.258
,503,22.06.2008 04:00,12986.29
,504,22.06.2008 05:00,12976.789
,505,22.06.2008 06:00,12967.798
,506,22.06.2008 07:00,12959.312
,507,22.06.2008 08:00,12951.383
,508,22.06.2008 09:00,12944.061
,509,22.06.2008 10:00,12937.395
,510,22.06.2008 11:00,12931.387
,511,22.06.2008 12:00,12926.121
,512,22.06.2008 13:00,12921.555
,513,22.06.2008 14:00,12917.758
,514,22.06.2008 15:00,12914.727
,515,22.06.2008 16:00,12912.477
,516,22.06.2008 17:00,12911.046
,517,22.06.2008 18:00,12910.393
,518,22.06.2008 19:00,12910.553
,519,22.06.2008 20:00,12911.529
,520,22.06.2008 21:00,12913.315
,521,22.06.2008 22:00,12915.917
,522,22.06.2008 23:00,12919.331
,523,23.06.2008 00:00,12923.531
,524,23.06.2008 01:00,12928.55
,525,23.06.2008 02:00,12934.351
,526,23.06.2008 03:00,12940.924
,527,23.06.2008 04:00,12948.262
,528,23.06.2008 05:00,12956.347
,529,23.06.2008 06:00,12965.138
,530,23.06.2008 07:00,12974.536
,531,23.06.2008 08:00,12984.551
,532,23.06.2008 09:00,12995.172
,533,23.06.2008 10:00,13006.387
,534,23.06.2008 11:00,13018.18
,535,23.06.2008 12:00,13030.505
,536,23.06.2008 13:00,13043.328
,537,23.06.2008 14:00,13056.638
,538,23.06.2008 15:00,13070.413
,539,23.06.2008 16:00,13084.587
,540,23.06.2008 17:00,13099.13
,541,23.06.2008 18:00,13114.02
,542,23.06.2008 19:00,13129.258
,543,23.06.2008 20:00,13144.765
,544,23.06.2008 21:00,13160.55
,545,23.06.2008 22:00,13176.536
,546,23.06.2008 23:00,13192.713
,547,24.06.2008 00:00,13209.033
,548,24.06.2008 01:00,13225.46
,549,24.06.2008 02:00,13241.964
,550,24.06.2008 03:00,13258.515
,551,24.06.2008 04:00,13275.083
,552,24.06.2008 05:00,13291.638
,553,24.06.2008 06:00,13308.145
,554,24.06.2008 07:00,13324.849
,555,24.06.2008 08:00,13341.678
,556,24.06.2008 09:00,13358.407
,557,24.06.2008 10:00,13375.031
,558,24.06.2008 11:00,13391.569
,559,24.06.2008 12:00,13407.874
,560,24.06.2008 13:00,13423.963
,561,24.06.2008 14:00,13439.795
,562,24.06.2008 15:00,13455.324
,563,24.06.2008 16:00,13470.581
,564,24.06.2008 17:00,13485.564
,565,24.06.2008 18:00,13500.103
,566,24.06.2008 19:00,13514.261
,567,24.06.2008 20:00,13528.031
,568,24.06.2008 21:00,13541.361
,569,24.06.2008 22:00,13554.185
,570,24.06.2008 23:00,13566.561
,571,25.06.2008 00:00,13578.536
,572,25.06.2008 01:00,13590.037
,573,25.06.2008 02:00,13601.007
,574,25.06.2008 03:00,13611.447
,575,25.06.2008 04:00,13621.394
,576,25.06.2008 05:00,13630.775
,577,25.06.2008 06:00,13639.672
,578,25.06.2008 07:00,13648.317
,579,25.06.2008 08:00,13656.66
,580,25.06.2008 09:00,13664.585
,581,25.06.2008 10:00,13672.03
,582,25.06.2008 11:00,13678.987
,583,25.06.2008 12:00,13685.532
,584,25.06.2008 13:00,13691.479
,585,25.06.2008 14:00,13696.937
,586,25.06.2008 15:00,13701.888
,587,25.06.2008 16:00,13706.316
,588,25.06.2008 17:00,13710.254
,589,25.06.2008 18:00,13713.631
,590,25.06.2008 19:00,13716.567
,591,25.06.2008 20:00,13718.974
,592,25.06.2008 21:00,13720.891
,593,25.06.2008 22:00,13722.318
,594,25.06.2008 23:00,13723.276
,595,26.06.2008 00:00,13723.771
,596,26.06.2008 01:00,13723.804
,597,26.06.2008 02:00,13729.503
,598,26.06.2008 03:00,13729.062
,599,26.06.2008 04:00,13726.348
,600,26.06.2008 05:00,13723.885
,601,26.06.2008 06:00,13721.32
,602,26.06.2008 07:00,13718.356
,603,26.06.2008 08:00,13714.939
,604,26.06.2008 09:00,13711.156
,605,26.06.2008 10:00,13707.047
,606,26.06.2008 11:00,13702.625
,607,26.06.2008 12:00,13697.889
,608,26.06.2008 13:00,13692.885
,609,26.06.2008 14:00,13687.599
,610,26.06.2008 15:00,13682.014
,611,26.06.2008 16:00,13676.023
,612,26.06.2008 17:00,13668.852
,613,26.06.2008 18:00,13660.89
,614,26.06.2008 19:00,13656.084
,615,26.06.2008 20:00,13650.685
,616,26.06.2008 21:00,13644.984
,617,26.06.2008 22:00,13639.122
,618,26.06.2008 23:00,13633.172
,619,27.06.2008 00:00,13627.157
,620,27.06.2008 01:00,13621.115
,621,27.06.2008 02:00,13615.059
,622,27.06.2008 03:00,13608.985
,623,27.06.2008 04:00,13602.918
,624,27.06.2008 05:00,13596.881
,625,27.06.2008 06:00,13590.883
,626,27.06.2008 07:00,13584.916
,627,27.06.2008 08:00,13579.008
,628,27.06.2008 09:00,13573.162
,629,27.06.2008 10:00,13567.377
,630,27.06.2008 11:00,13561.612
,631,27.06.2008 12:00,13555.886
,632,27.06.2008 13:00,13550.19
,633,27.06.2008 14:00,13544.515
,634,27.06.2008 15:00,13538.852
,635,27.06.2008 16:00,13533.205
,636,27.06.2008 17:00,13527.544
,637,27.06.2008 18:00,13521.874
,638,27.06.2008 19:00,13516.202
,639,27.06.2008 20:00,13510.512
,640,27.06.2008 21:00,13504.768
,641,27.06.2008 22:00,13499.034
,642,27.06.2008 23:00,13493.21
,643,28.06.2008 00:00,13487.336
,644,28.06.2008 01:00,13481.383
,645,28.06.2008 02:00,13475.357
,646,28.06.2008 03:00,13469.287
,647,28.06.2008 04:00,13463.048
,648,28.06.2008 05:00,13456.732
,649,28.06.2008 06:00,13450.302
,650,28.06.2008 07:00,13443.635
,651,28.06.2008 08:00,13436.719
,652,28.06.2008 09:00,13429.622
,653,28.06.2008 10:00,13422.345
,654,28.06.2008 11:00,13414.885
,655,28.06.2008 12:00,13407.251
,656,28.06.2008 13:00,13399.426
,657,28.06.2008 14:00,13391.399
,658,28.06.2008 15:00,13383.175
,659,28.06.2008 16:00,13374.728
,660,28.06.2008 17:00,13366.079
,661,28.06.2008 18:00,13357.192
,662,28.06.2008 19:00,13348.101
,663,28.06.2008 20:00,13338.77
,664,28.06.2008 21:00,13329.196
,665,28.06.2008 22:00,13319.39
,666,28.06.2008 23:00,13309.356
,667,29.06.2008 00:00,13299.043
,668,29.06.2008 01:00,13288.481
,669,29.06.2008 02:00,13277.662
,670,29.06.2008 03:00,13266.592
,671,29.06.2008 04:00,13255.273
,672,29.06.2008 05:00,13243.677
,673,29.06.2008 06:00,13231.805
,674,29.06.2008 07:00,13219.897
,675,29.06.2008 08:00,13207.931
,676,29.06.2008 09:00,13195.74
,677,29.06.2008 10:00,13183.341
,678,29.06.2008 11:00,13170.717
,679,29.06.2008 12:00,13157.854
,680,29.06.2008 13:00,13144.732
,681,29.06.2008 14:00,13131.362
,682,29.06.2008 15:00,13117.737
,683,29.06.2008 16:00,13103.817
,684,29.06.2008 17:00,13089.678
,685,29.06.2008 18:00,13075.187
,686,29.06.2008 19:00,13060.507
,687,29.06.2008 20:00,13045.475
,688,29.06.2008 21:00,13030.21
,689,29.06.2008 22:00,13014.675
,690,29.06.2008 23:00,12998.825
,691,30.06.2008 00:00,12982.704
,692,30.06.2008 01:00,12966.36
,693,30.06.2008 02:00,12949.73
,694,30.06.2008 03:00,12932.858
,695,30.06.2008 04:00,12915.692
,696,30.06.2008 05:00,12898.273
,697,30.06.2008 06:00,12880.616
,698,30.06.2008 07:00,12862.991
,699,30.06.2008 08:00,12845.259
,700,30.06.2008 09:00,12827.403
,701,30.06.2008 10:00,12809.358
,702,30.06.2008 11:00,12791.119
,703,30.06.2008 12:00,12772.667
,704,30.06.2008 13:00,12754.002
,705,30.06.2008 14:00,12735.179
,706,30.06.2008 15:00,12716.106
,707,30.06.2008 16:00,12696.88
,708,30.06.2008 17:00,12677.457
,709,30.06.2008 18:00,12657.862
,710,30.06.2008 19:00,12638.112
,711,30.06.2008 20:00,12618.162
,712,30.06.2008 21:00,12598.025
,713,30.06.2008 22:00,12577.715
,714,30.06.2008 23:00,12557.182
,715,1.07.2008 00:00,12536.483
,716,1.07.2008 01:00,12515.583
,717,1.07.2008 02:00,12494.51
,718,1.07.2008 03:00,12473.271
,719,1.07.2008 04:00,12451.911
,720,1.07.2008 05:00,12430.331
,721,1.07.2008 06:00,12408.762
,722,1.07.2008 07:00,12387.108
,723,1.07.2008 08:00,12365.339
,724,1.07.2008 09:00,12343.392
,725,1.07.2008 10:00,12321.328
,726,1.07.2008 11:00,12299.107
,727,1.07.2008 12:00,12276.79
,728,1.07.2008 13:00,12254.372
,729,1.07.2008 14:00,12231.872
,730,1.07.2008 15:00,12209.195
,731,1.07.2008 16:00,12186.396
,732,1.07.2008 17:00,12163.482
,733,1.07.2008 18:00,12140.519
,734,1.07.2008 19:00,12117.418
,735,1.07.2008 20:00,12094.235
,736,1.07.2008 21:00,12070.946
,737,1.07.2008 22:00,12047.643
,738,1.07.2008 23:00,12024.347
,739,2.07.2008 00:00,12000.926
,740,2.07.2008 01:00,11977.19
,741,2.07.2008 02:00,11953.696
,742,2.07.2008 03:00,11930.164
,743,2.07.2008 04:00,11906.419
,744,2.07.2008 05:00,11882.574
,745,2.07.2008 06:00,11858.69
,746,2.07.2008 07:00,11834.505
,747,2.07.2008 08:00,11810.024
,748,2.07.2008 09:00,11785.391
,749,2.07.2008 10:00,11760.677
,750,2.07.2008 11:00,11735.815
,751,2.07.2008 12:00,11710.908
,752,2.07.2008 13:00,11685.917
,753,2.07.2008 14:00,11660.88
,754,2.07.2008 15:00,11635.677
,755,2.07.2008 16:00,11610.72
,756,2.07.2008 17:00,11585.505
,757,2.07.2008 18:00,11560.24
,758,2.07.2008 19:00,11534.967
,759,2.07.2008 20:00,11509.611
,760,2.07.2008 21:00,11484.19
,761,2.07.2008 22:00,11458.762
,762,2.07.2008 23:00,11433.578
,763,3.07.2008 00:00,11408.351
,764,3.07.2008 01:00,11383.153
,765,3.07.2008 02:00,11357.937
,766,3.07.2008 03:00,11332.741
,767,3.07.2008 04:00,11307.541
,768,3.07.2008 05:00,11282.374
,769,3.07.2008 06:00,11257.231
,770,3.07.2008 07:00,11232.481
,771,3.07.2008 08:00,11208.086
,772,3.07.2008 09:00,11183.857
,773,3.07.2008 10:00,11159.737
,774,3.07.2008 11:00,11135.722
,775,3.07.2008 12:00,11111.781
,776,3.07.2008 13:00,11087.96
,777,3.07.2008 14:00,11064.217
,778,3.07.2008 15:00,11040.584
,779,3.07.2008 16:00,11017.049
,780,3.07.2008 17:00,10993.626
,781,3.07.2008 18:00,10970.298
,782,3.07.2008 19:00,10947.079
,783,3.07.2008 20:00,10923.951
,784,3.07.2008 21:00,10901.001
,785,3.07.2008 22:00,10878.201
,786,3.07.2008 23:00,10855.435
,787,4.07.2008 00:00,10832.787
,788,4.07.2008 01:00,10810.293
,789,4.07.2008 02:00,10787.868
,790,4.07.2008 03:00,10765.561
,791,4.07.2008 04:00,10743.374
,792,4.07.2008 05:00,10721.335
,793,4.07.2008 06:00,10699.512
,794,4.07.2008 07:00,10677.606
,795,4.07.2008 08:00,10655.749
,796,4.07.2008 09:00,10633.971
,797,4.07.2008 10:00,10612.207
,798,4.07.2008 11:00,10590.656
,799,4.07.2008 12:00,10569.169
,800,4.07.2008 13:00,10547.798
,801,4.07.2008 14:00,10526.53
,802,4.07.2008 15:00,10505.359
,803,4.07.2008 16:00,10484.304
,804,4.07.2008 17:00,10463.346
,805,4.07.2008 18:00,10442.481
,806,4.07.2008 19:00,10421.771
,807,4.07.2008 20:00,10401.159
,808,4.07.2008 21:00,10380.657
,809,4.07.2008 22:00,10360.27
,810,4.07.2008 23:00,10339.95
,811,5.07.2008 00:00,10319.68
,812,5.07.2008 01:00,10299.51
,813,5.07.2008 02:00,10279.443
,814,5.07.2008 03:00,10259.414
,815,5.07.2008 04:00,10239.491
,816,5.07.2008 05:00,10219.607
,817,5.07.2008 06:00,10199.798
,818,5.07.2008 07:00,10179.979
,819,5.07.2008 08:00,10160.175
,820,5.07.2008 09:00,10140.447
,821,5.07.2008 10:00,10120.705
,822,5.07.2008 11:00,10100.997
,823,5.07.2008 12:00,10081.305
,824,5.07.2008 13:00,10061.645
,825,5.07.2008 14:00,10041.944
,826,5.07.2008 15:00,10022.093
,827,5.07.2008 16:00,9996.814
,828,5.07.2008 17:00,9978.742
,829,5.07.2008 18:00,9960.098
,830,5.07.2008 19:00,9941.179
,831,5.07.2008 20:00,9922.102
,832,5.07.2008 21:00,9902.987
,833,5.07.2008 22:00,9883.855
,834,5.07.2008 23:00,9864.681
,835,6.07.2008 00:00,9845.501
,836,6.07.2008 01:00,9826.324
,837,6.07.2008 02:00,9807.149
,838,6.07.2008 03:00,9787.942
,839,6.07.2008 04:00,9768.762
,840,6.07.2008 05:00,9749.539
,841,6.07.2008 06:00,9730.348
,842,6.07.2008 07:00,9711.089
,843,6.07.2008 08:00,9691.734
,844,6.07.2008 09:00,9672.408
,845,6.07.2008 10:00,9653.068
,846,6.07.2008 11:00,9633.694
,847,6.07.2008 12:00,9614.274
,848,6.07.2008 13:00,9594.887
,849,6.07.2008 14:00,9575.471
,850,6.07.2008 15:00,9556.058
,851,6.07.2008 16:00,9536.565
,852,6.07.2008 17:00,9516.995
,853,6.07.2008 18:00,9497.512
,854,6.07.2008 19:00,9477.999
,855,6.07.2008 20:00,9458.437
,856,6.07.2008 21:00,9438.863
,857,6.07.2008 22:00,9419.271
,858,6.07.2008 23:00,9399.673
,859,7.07.2008 00:00,9380.057
,860,7.07.2008 01:00,9360.399
,861,7.07.2008 02:00,9340.729
,862,7.07.2008 03:00,9320.939
,863,7.07.2008 04:00,9296.32
,864,7.07.2008 05:00,9277.725
,865,7.07.2008 06:00,9258.653
,866,7.07.2008 07:00,9239.361
,867,7.07.2008 08:00,9219.91
,868,7.07.2008 09:00,9200.415
,869,7.07.2008 10:00,9180.829
,870,7.07.2008 11:00,9161.209
,871,7.07.2008 12:00,9141.583
,872,7.07.2008 13:00,9121.929
,873,7.07.2008 14:00,9102.301
,874,7.07.2008 15:00,9082.604
,875,7.07.2008 16:00,9062.87
,876,7.07.2008 17:00,9043.108
,877,7.07.2008 18:00,9023.368
,878,7.07.2008 19:00,9003.617
,879,7.07.2008 20:00,8983.869
,880,7.07.2008 21:00,8964.122
,881,7.07.2008 22:00,8944.371
,882,7.07.2008 23:00,8924.62
,883,8.07.2008 00:00,8904.862
,884,8.07.2008 01:00,8885.113
,885,8.07.2008 02:00,8865.307
,886,8.07.2008 03:00,8845.533
,887,8.07.2008 04:00,8825.776
,888,8.07.2008 05:00,8806.055
,889,8.07.2008 06:00,8786.32
,890,8.07.2008 07:00,8766.4
,891,8.07.2008 08:00,8746.338
,892,8.07.2008 09:00,8726.26
,893,8.07.2008 10:00,8706.152
,894,8.07.2008 11:00,8685.983
,895,8.07.2008 12:00,8665.826
,896,8.07.2008 13:00,8645.648
,897,8.07.2008 14:00,8625.461
,898,8.07.2008 15:00,8605.281
,899,8.07.2008 16:00,8585.116
,900,8.07.2008 17:00,8564.912
,901,8.07.2008 18:00,8544.692
,902,8.07.2008 19:00,8524.515
,903,8.07.2008 20:00,8504.338
,904,8.07.2008 21:00,8484.166
,905,8.07.2008 22:00,8464.008
,906,8.07.2008 23:00,8443.821
,907,9.07.2008 00:00,8423.65
,908,9.07.2008 01:00,8403.465
,909,9.07.2008 02:00,8383.294
,910,9.07.2008 03:00,8363.122
,911,9.07.2008 04:00,8342.97
,912,9.07.2008 05:00,8322.837
,913,9.07.2008 06:00,8302.71
,914,9.07.2008 07:00,8282.302
,915,9.07.2008 08:00,8261.677
,916,9.07.2008 09:00,8241.002
,917,9.07.2008 10:00,8220.13
,918,9.07.2008 11:00,8199.291
,919,9.07.2008 12:00,8178.404
,920,9.07.2008 13:00,8157.499
,921,9.07.2008 14:00,8136.594
,922,9.07.2008 15:00,8115.66
,923,9.07.2008 16:00,8094.752
,924,9.07.2008 17:00,8073.815
,925,9.07.2008 18:00,8052.952
,926,9.07.2008 19:00,8032.099
,927,9.07.2008 20:00,8011.261
,928,9.07.2008 21:00,7990.461
,929,9.07.2008 22:00,7969.723
,930,9.07.2008 23:00,7948.998
,931,10.07.2008 00:00,7928.345
,932,10.07.2008 01:00,7907.79
,933,10.07.2008 02:00,7887.264
,934,10.07.2008 03:00,7866.916
,935,10.07.2008 04:00,7846.52
,936,10.07.2008 05:00,7826.305
,937,10.07.2008 06:00,7806.119
,938,10.07.2008 07:00,7785.839
,939,10.07.2008 08:00,7765.53
,940,10.07.2008 09:00,7745.303
,941,10.07.2008 10:00,7725.153
,942,10.07.2008 11:00,7705.12
,943,10.07.2008 12:00,7685.195
,944,10.07.2008 13:00,7665.363
,945,10.07.2008 14:00,7645.689
,946,10.07.2008 15:00,7626.11
,947,10.07.2008 16:00,7606.711
,948,10.07.2008 17:00,7587.434
,949,10.07.2008 18:00,7568.27
,950,10.07.2008 19:00,7549.263
,951,10.07.2008 20:00,7530.519
,952,10.07.2008 21:00,7511.792
,953,10.07.2008 22:00,7493.253
,954,10.07.2008 23:00,7474.963
,955,11.07.2008 00:00,7456.8
,956,11.07.2008 01:00,7438.818
,957,11.07.2008 02:00,7421.041
,958,11.07.2008 03:00,7403.444
,959,11.07.2008 04:00,7386.064
,960,11.07.2008 05:00,7368.909
,961,11.07.2008 06:00,7351.898
,962,11.07.2008 07:00,7335.808
,963,11.07.2008 08:00,7320.42
,964,11.07.2008 09:00,7305.455
,965,11.07.2008 10:00,7290.9
,966,11.07.2008 11:00,7276.59
,967,11.07.2008 12:00,7262.606
,968,11.07.2008 13:00,7248.85
,969,11.07.2008 14:00,7235.495
,970,11.07.2008 15:00,7222.301
,971,11.07.2008 16:00,7209.326
,972,11.07.2008 17:00,7196.658
,973,11.07.2008 18:00,7184.194
,974,11.07.2008 19:00,7171.982
,975,11.07.2008 20:00,7160.024
,976,11.07.2008 21:00,7148.301
,977,11.07.2008 22:00,7136.745
,978,11.07.2008 23:00,7125.481
,979,12.07.2008 00:00,7114.359
,980,12.07.2008 01:00,7103.443
,981,12.07.2008 02:00,7092.73
,982,12.07.2008 03:00,7082.207
,983,12.07.2008 04:00,7071.882
,984,12.07.2008 05:00,7061.932
,985,12.07.2008 06:00,7051.828
,986,12.07.2008 07:00,7041.915
,987,12.07.2008 08:00,7032.147
,988,12.07.2008 09:00,7022.489
,989,12.07.2008 10:00,7012.995
,990,12.07.2008 11:00,7003.666
,991,12.07.2008 12:00,6994.474
,992,12.07.2008 13:00,6985.481
,993,12.07.2008 14:00,6976.52
,994,12.07.2008 15:00,6967.702
,995,12.07.2008 16:00,6959.017
,996,12.07.2008 17:00,6950.438
,997,12.07.2008 18:00,6941.998
,998,12.07.2008 19:00,6933.665
,999,12.07.2008 20:00,6925.417
,1000,12.07.2008 21:00,6917.276
,1001,12.07.2008 22:00,6909.246
,1002,12.07.2008 23:00,6901.283
,1003,13.07.2008 00:00,6893.388
,1004,13.07.2008 01:00,6885.525
,1005,13.07.2008 02:00,6877.873
,1006,13.07.2008 03:00,6870.308
,1007,13.07.2008 04:00,6862.803
,1008,13.07.2008 05:00,6855.401
,1009,13.07.2008 06:00,6848.033
,1010,13.07.2008 07:00,6841.267
,1011,13.07.2008 08:00,6835.086
,1012,13.07.2008 09:00,6829.049
,1013,13.07.2008 10:00,6823.214
,1014,13.07.2008 11:00,6817.552
,1015,13.07.2008 12:00,6812.02
,1016,13.07.2008 13:00,6806.614
,1017,13.07.2008 14:00,6801.327
,1018,13.07.2008 15:00,6796.154
,1019,13.07.2008 16:00,6791.075
,1020,13.07.2008 17:00,6786.085
,1021,13.07.2008 18:00,6781.19
,1022,13.07.2008 19:00,6776.431
,1023,13.07.2008 20:00,6771.666
,1024,13.07.2008 21:00,6766.895
,1025,13.07.2008 22:00,6762.273
,1026,13.07.2008 23:00,6757.727
,1027,14.07.2008 00:00,6753.038
,1028,14.07.2008 01:00,6748.779
,1029,14.07.2008 02:00,6744.431
,1030,14.07.2008 03:00,6740.081
,1031,14.07.2008 04:00,6735.763
,1032,14.07.2008 05:00,6731.491
,1033,14.07.2008 06:00,6727.246
,1034,14.07.2008 07:00,6723.247
,1035,14.07.2008 08:00,6719.46
,1036,14.07.2008 09:00,6715.75
,1037,14.07.2008 10:00,6712.205
,1038,14.07.2008 11:00,6708.575
,1039,14.07.2008 12:00,6705.017
,1040,14.07.2008 13:00,6701.498
,1041,14.07.2008 14:00,6698.023
,1042,14.07.2008 15:00,6694.575
,1043,14.07.2008 16:00,6691.153
,1044,14.07.2008 17:00,6687.741
,1045,14.07.2008 18:00,6684.346
,1046,14.07.2008 19:00,6680.946
,1047,14.07.2008 20:00,6677.564
,1048,14.07.2008 21:00,6674.194
,1049,14.07.2008 22:00,6670.814
,1050,14.07.2008 23:00,6667.433
,1051,15.07.2008 00:00,6664.04
,1052,15.07.2008 01:00,6660.654
,1053,15.07.2008 02:00,6657.268
,1054,15.07.2008 03:00,6653.842
,1055,15.07.2008 04:00,6650.428
,1056,15.07.2008 05:00,6646.972
,1057,15.07.2008 06:00,6643.504
,1058,15.07.2008 07:00,6639.711
,1059,15.07.2008 08:00,6635.646
,1060,15.07.2008 09:00,6631.47
,1061,15.07.2008 10:00,6627.195
,1062,15.07.2008 11:00,6622.835
,1063,15.07.2008 12:00,6618.41
,1064,15.07.2008 13:00,6613.919
,1065,15.07.2008 14:00,6609.37
,1066,15.07.2008 15:00,6604.767
,1067,15.07.2008 16:00,6600.105
,1068,15.07.2008 17:00,6595.398
,1069,15.07.2008 18:00,6590.654
,1070,15.07.2008 19:00,6585.868
,1071,15.07.2008 20:00,6581.039
,1072,15.07.2008 21:00,6576.157
,1073,15.07.2008 22:00,6571.241
,1074,15.07.2008 23:00,6566.293
,1075,16.07.2008 00:00,6561.304
,1076,16.07.2008 01:00,6556.31
,1077,16.07.2008 02:00,6551.275
,1078,16.07.2008 03:00,6546.219
,1079,16.07.2008 04:00,6541.067
,1080,16.07.2008 05:00,6536.024
,1081,16.07.2008 06:00,6530.912
,1082,16.07.2008 07:00,6525.485
,1083,16.07.2008 08:00,6519.787
,1084,16.07.2008 09:00,6513.988
,1085,16.07.2008 10:00,6508.11
,1086,16.07.2008 11:00,6502.171
,1087,16.07.2008 12:00,6496.177
,1088,16.07.2008 13:00,6490.134
,1089,16.07.2008 14:00,6484.057
,1090,16.07.2008 15:00,6477.96
,1091,16.07.2008 16:00,6471.814
,1092,16.07.2008 17:00,6465.676
,1093,16.07.2008 18:00,6459.525
,1094,16.07.2008 19:00,6453.359
,1095,16.07.2008 20:00,6447.139
,1096,16.07.2008 21:00,6440.939
,1097,16.07.2008 22:00,6434.777
,1098,16.07.2008 23:00,6428.595
,1099,17.07.2008 00:00,6422.422
,1100,17.07.2008 01:00,6416.231
,1101,17.07.2008 02:00,6410.039
,1102,17.07.2008 03:00,6403.864
,1103,17.07.2008 04:00,6397.707
,1104,17.07.2008 05:00,6391.565
,1105,17.07.2008 06:00,6385.436
,1106,17.07.2008 07:00,6379.064
,1107,17.07.2008 08:00,6372.54
,1108,17.07.2008 09:00,6365.926
,1109,17.07.2008 10:00,6359.295
,1110,17.07.2008 11:00,6352.636
,1111,17.07.2008 12:00,6345.963
,1112,17.07.2008 13:00,6339.28
,1113,17.07.2008 14:00,6332.6
,1114,17.07.2008 15:00,6325.93
,1115,17.07.2008 16:00,6319.24
,1116,17.07.2008 17:00,6312.608
,1117,17.07.2008 18:00,6305.965
,1118,17.07.2008 19:00,6299.335
,1119,17.07.2008 20:00,6292.749
,1120,17.07.2008 21:00,6286.157
,1121,17.07.2008 22:00,6279.593
,1122,17.07.2008 23:00,6273.066
,1123,18.07.2008 00:00,6266.558
,1124,18.07.2008 01:00,6260.052
,1125,18.07.2008 02:00,6253.588
,1126,18.07.2008 03:00,6247.153
,1127,18.07.2008 04:00,6240.73
,1128,18.07.2008 05:00,6234.362
,1129,18.07.2008 06:00,6228.03
,1130,18.07.2008 07:00,6221.744
,1131,18.07.2008 08:00,6215.398
,1132,18.07.2008 09:00,6209.065
,1133,18.07.2008 10:00,6202.766
,1134,18.07.2008 11:00,6196.487
,1135,18.07.2008 12:00,6190.236
,1136,18.07.2008 13:00,6184.002
,1137,18.07.2008 14:00,6177.784
,1138,18.07.2008 15:00,6171.596
,1139,18.07.2008 16:00,6165.433
,1140,18.07.2008 17:00,6159.274
,1141,18.07.2008 18:00,6153.173
,1142,18.07.2008 19:00,6147.034
,1143,18.07.2008 20:00,6140.948
,1144,18.07.2008 21:00,6134.868
,1145,18.07.2008 22:00,6128.846
,1146,18.07.2008 23:00,6122.819
,1147,19.07.2008 00:00,6116.824
,1148,19.07.2008 01:00,6110.831
,1149,19.07.2008 02:00,6104.843
,1150,19.07.2008 03:00,6098.886
,1151,19.07.2008 04:00,6092.942
,1152,19.07.2008 05:00,6086.992
,1153,19.07.2008 06:00,6081.065
,1154,19.07.2008 07:00,6075.044
,1155,19.07.2008 08:00,6068.894
,1156,19.07.2008 09:00,6062.775
,1157,19.07.2008 10:00,6056.561
,1158,19.07.2008 11:00,6050.34
,1159,19.07.2008 12:00,6044.111
,1160,19.07.2008 13:00,6037.876
,1161,19.07.2008 14:00,6031.626
,1162,19.07.2008 15:00,6025.359
,1163,19.07.2008 16:00,6019.085
,1164,19.07.2008 17:00,6012.803
,1165,19.07.2008 18:00,6006.507
,1166,19.07.2008 19:00,6000.184
,1167,19.07.2008 20:00,5993.846
,1168,19.07.2008 21:00,5987.531
,1169,19.07.2008 22:00,5981.154
,1170,19.07.2008 23:00,5974.776
,1171,20.07.2008 00:00,5968.423
,1172,20.07.2008 01:00,5962.046
,1173,20.07.2008 02:00,5955.587
,1174,20.07.2008 03:00,5949.144
,1175,20.07.2008 04:00,5942.694
,1176,20.07.2008 05:00,5936.211
,1177,20.07.2008 06:00,5929.729
,1178,20.07.2008 07:00,5923.15
,1179,20.07.2008 08:00,5916.497
,1180,20.07.2008 09:00,5909.853
,1181,20.07.2008 10:00,5903.1
,1182,20.07.2008 11:00,5896.358
,1183,20.07.2008 12:00,5889.585
,1184,20.07.2008 13:00,5882.751
,1185,20.07.2008 14:00,5875.929
,1186,20.07.2008 15:00,5869.083
,1187,20.07.2008 16:00,5862.232
,1188,20.07.2008 17:00,5855.361
,1189,20.07.2008 18:00,5848.441
,1190,20.07.2008 19:00,5841.499
,1191,20.07.2008 20:00,5834.547
,1192,20.07.2008 21:00,5827.587
,1193,20.07.2008 22:00,5820.647
,1194,20.07.2008 23:00,5813.635
,1195,21.07.2008 00:00,5806.629
,1196,21.07.2008 01:00,5799.597
,1197,21.07.2008 02:00,5792.536
,1198,21.07.2008 03:00,5785.517
,1199,21.07.2008 04:00,5778.513
,1200,21.07.2008 05:00,5771.406
,1201,21.07.2008 06:00,5764.306
,1202,21.07.2008 07:00,5757.359
,1203,21.07.2008 08:00,5750.497
,1204,21.07.2008 09:00,5743.677
,1205,21.07.2008 10:00,5736.865
,1206,21.07.2008 11:00,5730.138
,1207,21.07.2008 12:00,5723.386
,1208,21.07.2008 13:00,5716.662
,1209,21.07.2008 14:00,5709.947
,1210,21.07.2008 15:00,5703.233
,1211,21.07.2008 16:00,5696.538
,1212,21.07.2008 17:00,5689.851
,1213,21.07.2008 18:00,5683.2
,1214,21.07.2008 19:00,5676.533
,1215,21.07.2008 20:00,5669.886
,1216,21.07.2008 21:00,5663.26
,1217,21.07.2008 22:00,5656.648
,1218,21.07.2008 23:00,5650.047
,1219,22.07.2008 00:00,5643.453
,1220,22.07.2008 01:00,5636.878
,1221,22.07.2008 02:00,5630.31
,1222,22.07.2008 03:00,5623.78
,1223,22.07.2008 04:00,5617.303
,1224,22.07.2008 05:00,5610.755
,1225,22.07.2008 06:00,5604.271
,1226,22.07.2008 07:00,5597.793
,1227,22.07.2008 08:00,5591.347
,1228,22.07.2008 09:00,5584.932
,1229,22.07.2008 10:00,5578.547
,1230,22.07.2008 11:00,5572.189
,1231,22.07.2008 12:00,5565.868
,1232,22.07.2008 13:00,5559.588
,1233,22.07.2008 14:00,5553.349
,1234,22.07.2008 15:00,5547.132
,1235,22.07.2008 16:00,5540.954
,1236,22.07.2008 17:00,5534.833
,1237,22.07.2008 18:00,5528.734
,1238,22.07.2008 19:00,5522.693
,1239,22.07.2008 20:00,5516.69
,1240,22.07.2008 21:00,5510.744
,1241,22.07.2008 22:00,5504.851
,1242,22.07.2008 23:00,5499.012
,1243,23.07.2008 00:00,5493.224
,1244,23.07.2008 01:00,5487.502
,1245,23.07.2008 02:00,5481.847
,1246,23.07.2008 03:00,5476.262
,1247,23.07.2008 04:00,5470.734
,1248,23.07.2008 05:00,5465.308
,1249,23.07.2008 06:00,5459.896
,1250,23.07.2008 07:00,5454.627
,1251,23.07.2008 08:00,5449.477
,1252,23.07.2008 09:00,5444.424
,1253,23.07.2008 10:00,5439.448
,1254,23.07.2008 11:00,5434.617
,1255,23.07.2008 12:00,5429.863
,1256,23.07.2008 13:00,5425.168
,1257,23.07.2008 14:00,5420.552
,1258,23.07.2008 15:00,5416.02
,1259,23.07.2008 16:00,5411.582
,1260,23.07.2008 17:00,5407.249
,1261,23.07.2008 18:00,5402.992
,1262,23.07.2008 19:00,5398.829
,1263,23.07.2008 20:00,5394.762
,1264,23.07.2008 21:00,5390.817
,1265,23.07.2008 22:00,5386.939
,1266,23.07.2008 23:00,5383.159
,1267,24.07.2008 00:00,5379.496
,1268,24.07.2008 01:00,5375.92
,1269,24.07.2008 02:00,5372.421
,1270,24.07.2008 03:00,5369.045
,1271,24.07.2008 04:00,5365.758
,1272,24.07.2008 05:00,5362.576
,1273,24.07.2008 06:00,5359.483
,1274,24.07.2008 07:00,5356.445
,1275,24.07.2008 08:00,5353.453
,1276,24.07.2008 09:00,5350.546
,1277,24.07.2008 10:00,5347.737
,1278,24.07.2008 11:00,5345.003
,1279,24.07.2008 12:00,5342.353
,1280,24.07.2008 13:00,5339.793
,1281,24.07.2008 14:00,5337.321
,1282,24.07.2008 15:00,5334.948
,1283,24.07.2008 16:00,5332.693
,1284,24.07.2008 17:00,5330.504
,1285,24.07.2008 18:00,5328.399
,1286,24.07.2008 19:00,5326.39
,1287,24.07.2008 20:00,5324.472
,1288,24.07.2008 21:00,5322.652
,1289,24.07.2008 22:00,5320.925
,1290,24.07.2008 23:00,5319.29
,1291,25.07.2008 00:00,5317.737
,1292,25.07.2008 01:00,5316.29
,1293,25.07.2008 02:00,5314.928
,1294,25.07.2008 03:00,5313.626
,1295,25.07.2008 04:00,5312.421
,1296,25.07.2008 05:00,5311.298
,1297,25.07.2008 06:00,5310.261
,1298,25.07.2008 07:00,5309.218
,1299,25.07.2008 08:00,5308.176
,1300,25.07.2008 09:00,5307.183
,1301,25.07.2008 10:00,5306.242
,1302,25.07.2008 11:00,5305.364
,1303,25.07.2008 12:00,5304.56
,1304,25.07.2008 13:00,5303.806
,1305,25.07.2008 14:00,5303.11
,1306,25.07.2008 15:00,5302.481
,1307,25.07.2008 16:00,5301.922
,1308,25.07.2008 17:00,5301.422
,1309,25.07.2008 18:00,5300.988
,1310,25.07.2008 19:00,5300.613
,1311,25.07.2008 20:00,5300.301
,1312,25.07.2008 21:00,5300.049
,1313,25.07.2008 22:00,5299.859
,1314,25.07.2008 23:00,5299.72
,1315,26.07.2008 00:00,5299.641
,1316,26.07.2008 01:00,5299.617
,1317,26.07.2008 02:00,5299.657
,1318,26.07.2008 03:00,5299.744
,1319,26.07.2008 04:00,5299.896
,1320,26.07.2008 05:00,5300.095
,1321,26.07.2008 06:00,5300.356
,1322,26.07.2008 07:00,5300.413
,1323,26.07.2008 08:00,5300.301
,1324,26.07.2008 09:00,5300.145
,1325,26.07.2008 10:00,5299.969
,1326,26.07.2008 11:00,5299.801
,1327,26.07.2008 12:00,5299.643
,1328,26.07.2008 13:00,5299.495
,1329,26.07.2008 14:00,5299.366
,1330,26.07.2008 15:00,5299.259
,1331,26.07.2008 16:00,5299.18
,1332,26.07.2008 17:00,5299.133
,1333,26.07.2008 18:00,5299.113
,1334,26.07.2008 19:00,5299.125
,1335,26.07.2008 20:00,5299.17
,1336,26.07.2008 21:00,5299.239
,1337,26.07.2008 22:00,5299.348
,1338,26.07.2008 23:00,5299.488
,1339,27.07.2008 00:00,5299.673
,1340,27.07.2008 01:00,5299.888
,1341,27.07.2008 02:00,5300.133
,1342,27.07.2008 03:00,5300.417
,1343,27.07.2008 04:00,5300.74
,1344,27.07.2008 05:00,5301.095
,1345,27.07.2008 06:00,5301.492
,1346,27.07.2008 07:00,5301.925
,1347,27.07.2008 08:00,5302.391
,1348,27.07.2008 09:00,5302.899
,1349,27.07.2008 10:00,5303.443
,1350,27.07.2008 11:00,5304.019
,1351,27.07.2008 12:00,5304.632
,1352,27.07.2008 13:00,5305.283
,1353,27.07.2008 14:00,5305.972
,1354,27.07.2008 15:00,5306.688
,1355,27.07.2008 16:00,5307.444
,1356,27.07.2008 17:00,5308.225
,1357,27.07.2008 18:00,5309.042
,1358,27.07.2008 19:00,5309.88
,1359,27.07.2008 20:00,5310.754
,1360,27.07.2008 21:00,5311.644
,1361,27.07.2008 22:00,5312.563
,1362,27.07.2008 23:00,5313.501
,1363,28.07.2008 00:00,5314.457
,1364,28.07.2008 01:00,5315.423
,1365,28.07.2008 02:00,5316.398
,1366,28.07.2008 03:00,5317.388
,1367,28.07.2008 04:00,5318.372
,1368,28.07.2008 05:00,5319.359
,1369,28.07.2008 06:00,5320.34
,1370,28.07.2008 07:00,5321.109
,1371,28.07.2008 08:00,5321.679
,1372,28.07.2008 09:00,5322.168
,1373,28.07.2008 10:00,5322.576
,1374,28.07.2008 11:00,5322.904
,1375,28.07.2008 12:00,5323.165
,1376,28.07.2008 13:00,5323.36
,1377,28.07.2008 14:00,5323.486
,1378,28.07.2008 15:00,5323.537
,1379,28.07.2008 16:00,5323.51
,1380,28.07.2008 17:00,5323.405
,1381,28.07.2008 18:00,5323.215
,1382,28.07.2008 19:00,5322.941
,1383,28.07.2008 20:00,5322.578
,1384,28.07.2008 21:00,5322.112
,1385,28.07.2008 22:00,5321.557
,1386,28.07.2008 23:00,5320.89
,1387,29.07.2008 00:00,5320.127
,1388,29.07.2008 01:00,5319.252
,1389,29.07.2008 02:00,5318.267
,1390,29.07.2008 03:00,5317.167
,1391,29.07.2008 04:00,5315.949
,1392,29.07.2008 05:00,5314.611
,1393,29.07.2008 06:00,5313.157
,1394,29.07.2008 07:00,5311.316
,1395,29.07.2008 08:00,5309.121
,1396,29.07.2008 09:00,5306.7
,1397,29.07.2008 10:00,5304.089
,1398,29.07.2008 11:00,5301.293
,1399,29.07.2008 12:00,5298.321
,1400,29.07.2008 13:00,5295.184
,1401,29.07.2008 14:00,5291.887
,1402,29.07.2008 15:00,5288.431
,1403,29.07.2008 16:00,5284.826
,1404,29.07.2008 17:00,5281.065
,1405,29.07.2008 18:00,5277.151
,1406,29.07.2008 19:00,5273.094
,1407,29.07.2008 20:00,5268.893
,1408,29.07.2008 21:00,5264.544
,1409,29.07.2008 22:00,5260.063
,1410,29.07.2008 23:00,5255.442
,1411,30.07.2008 00:00,5250.699
,1412,30.07.2008 01:00,5245.814
,1413,30.07.2008 02:00,5240.803
,1414,30.07.2008 03:00,5235.675
,1415,30.07.2008 04:00,5230.419
,1416,30.07.2008 05:00,5225.059
,1417,30.07.2008 06:00,5219.564
,1418,30.07.2008 07:00,5215.486
,1419,30.07.2008 08:00,5212.64
,1420,30.07.2008 09:00,5210.279
,1421,30.07.2008 10:00,5208.227
,1422,30.07.2008 11:00,5206.416
,1423,30.07.2008 12:00,5204.766
,1424,30.07.2008 13:00,5203.266
,1425,30.07.2008 14:00,5201.877
,1426,30.07.2008 15:00,5200.565
,1427,30.07.2008 16:00,5199.341
,1428,30.07.2008 17:00,5198.182
,1429,30.07.2008 18:00,5197.094
,1430,30.07.2008 19:00,5196.066
,1431,30.07.2008 20:00,5195.093
,1432,30.07.2008 21:00,5194.157
,1433,30.07.2008 22:00,5193.317
,1434,30.07.2008 23:00,5192.516
,1435,31.07.2008 00:00,5191.774
,1436,31.07.2008 01:00,5191.077
,1437,31.07.2008 02:00,5190.428
,1438,31.07.2008 03:00,5189.836
,1439,31.07.2008 04:00,5189.305
,1440,31.07.2008 05:00,5188.828
,1441,31.07.2008 06:00,5188.411
,1442,31.07.2008 07:00,5187.641
,1443,31.07.2008 08:00,5186.582
,1444,31.07.2008 09:00,5185.427
,1445,31.07.2008 10:00,5184.231
,1446,31.07.2008 11:00,5183.007
,1447,31.07.2008 12:00,5181.794
,1448,31.07.2008 13:00,5180.585
,1449,31.07.2008 14:00,5179.396
,1450,31.07.2008 15:00,5178.238
,1451,31.07.2008 16:00,5177.122
,1452,31.07.2008 17:00,5176.039
,1453,31.07.2008 18:00,5175
,1454,31.07.2008 19:00,5174.022
,1455,31.07.2008 20:00,5173.086
,1456,31.07.2008 21:00,5172.217
,1457,31.07.2008 22:00,5171.41
,1458,31.07.2008 23:00,5170.665
,1459,1.08.2008 00:00,5169.993
,1460,1.08.2008 01:00,5169.384
,1461,1.08.2008 02:00,5168.853
,1462,1.08.2008 03:00,5168.391
,1463,1.08.2008 04:00,5168.015
,1464,1.08.2008 05:00,5167.716
,1465,1.08.2008 06:00,5167.503
,1466,1.08.2008 07:00,5166.816
,1467,1.08.2008 08:00,5165.71
,1468,1.08.2008 09:00,5164.503
,1469,1.08.2008 10:00,5163.227
,1470,1.08.2008 11:00,5161.906
,1471,1.08.2008 12:00,5160.587
,1472,1.08.2008 13:00,5159.268
,1473,1.08.2008 14:00,5157.962
,1474,1.08.2008 15:00,5156.682
,1475,1.08.2008 16:00,5155.435
,1476,1.08.2008 17:00,5154.225
,1477,1.08.2008 18:00,5153.05
,1478,1.08.2008 19:00,5151.913
,1479,1.08.2008 20:00,5150.809
,1480,1.08.2008 21:00,5149.749
,1481,1.08.2008 22:00,5148.714
,1482,1.08.2008 23:00,5147.724
,1483,2.08.2008 00:00,5146.762
,1484,2.08.2008 01:00,5145.838
,1485,2.08.2008 02:00,5144.941
,1486,2.08.2008 03:00,5144.072
,1487,2.08.2008 04:00,5143.227
,1488,2.08.2008 05:00,5142.402
,1489,2.08.2008 06:00,5141.593
,1490,2.08.2008 07:00,5141.18
,1491,2.08.2008 08:00,5141.122
,1492,2.08.2008 09:00,5141.215
,1493,2.08.2008 10:00,5141.417
,1494,2.08.2008 11:00,5141.695
,1495,2.08.2008 12:00,5142.02
,1496,2.08.2008 13:00,5142.391
,1497,2.08.2008 14:00,5142.805
,1498,2.08.2008 15:00,5143.21
,1499,2.08.2008 16:00,5143.62
,1500,2.08.2008 17:00,5144.018
,1501,2.08.2008 18:00,5144.412
,1502,2.08.2008 19:00,5144.778
,1503,2.08.2008 20:00,5145.113
,1504,2.08.2008 21:00,5145.404
,1505,2.08.2008 22:00,5145.65
,1506,2.08.2008 23:00,5145.839
,1507,3.08.2008 00:00,5145.967
,1508,3.08.2008 01:00,5146.019
,1509,3.08.2008 02:00,5145.994
,1510,3.08.2008 03:00,5145.885
,1511,3.08.2008 04:00,5145.677
,1512,3.08.2008 05:00,5145.371
,1513,3.08.2008 06:00,5144.95
,1514,3.08.2008 07:00,5145.45
,1515,3.08.2008 08:00,5146.739
,1516,3.08.2008 09:00,5148.295
,1517,3.08.2008 10:00,5150.002
,1518,3.08.2008 11:00,5151.782
,1519,3.08.2008 12:00,5153.598
,1520,3.08.2008 13:00,5155.41
,1521,3.08.2008 14:00,5157.186
,1522,3.08.2008 15:00,5158.917
,1523,3.08.2008 16:00,5160.577
,1524,3.08.2008 17:00,5162.158
,1525,3.08.2008 18:00,5163.646
,1526,3.08.2008 19:00,5165.032
,1527,3.08.2008 20:00,5166.307
,1528,3.08.2008 21:00,5167.47
,1529,3.08.2008 22:00,5168.505
,1530,3.08.2008 23:00,5169.411
,1531,4.08.2008 00:00,5170.169
,1532,4.08.2008 01:00,5170.802
,1533,4.08.2008 02:00,5171.296
,1534,4.08.2008 03:00,5171.638
,1535,4.08.2008 04:00,5171.835
,1536,4.08.2008 05:00,5171.875
,1537,4.08.2008 06:00,5171.76
,1538,4.08.2008 07:00,5170.063
,1539,4.08.2008 08:00,5166.93
,1540,4.08.2008 09:00,5163.103
,1541,4.08.2008 10:00,5158.711
,1542,4.08.2008 11:00,5153.861
,1543,4.08.2008 12:00,5148.604
,1544,4.08.2008 13:00,5142.981
,1545,4.08.2008 14:00,5137.013
,1546,4.08.2008 15:00,5130.731
,1547,4.08.2008 16:00,5124.144
,1548,4.08.2008 17:00,5117.265
,1549,4.08.2008 18:00,5110.113
,1550,4.08.2008 19:00,5102.696
,1551,4.08.2008 20:00,5095.018
,1552,4.08.2008 21:00,5087.093
,1553,4.08.2008 22:00,5078.927
,1554,4.08.2008 23:00,5070.518
,1555,5.08.2008 00:00,5061.888
,1556,5.08.2008 01:00,5053.031
,1557,5.08.2008 02:00,5043.963
,1558,5.08.2008 03:00,5034.692
,1559,5.08.2008 04:00,5025.219
,1560,5.08.2008 05:00,5015.533
,1561,5.08.2008 06:00,5005.671
,1562,5.08.2008 07:00,4995.832
,1563,5.08.2008 08:00,4986.026
,1564,5.08.2008 09:00,4976.148
,1565,5.08.2008 10:00,4966.161
,1566,5.08.2008 11:00,4956.061
,1567,5.08.2008 12:00,4945.859
,1568,5.08.2008 13:00,4935.556
,1569,5.08.2008 14:00,4925.134
,1570,5.08.2008 15:00,4914.597
,1571,5.08.2008 16:00,4903.956
,1572,5.08.2008 17:00,4893.181
,1573,5.08.2008 18:00,4882.292
,1574,5.08.2008 19:00,4871.337
,1575,5.08.2008 20:00,4860.264
,1576,5.08.2008 21:00,4849.113
,1577,5.08.2008 22:00,4837.895
,1578,5.08.2008 23:00,4826.608
,1579,6.08.2008 00:00,4815.244
,1580,6.08.2008 01:00,4803.812
,1581,6.08.2008 02:00,4792.324
,1582,6.08.2008 03:00,4780.764
,1583,6.08.2008 04:00,4769.142
,1584,6.08.2008 05:00,4757.432
,1585,6.08.2008 06:00,4745.691
,1586,6.08.2008 07:00,4734.199
,1587,6.08.2008 08:00,4722.947
,1588,6.08.2008 09:00,4711.749
,1589,6.08.2008 10:00,4700.598
,1590,6.08.2008 11:00,4689.492
,1591,6.08.2008 12:00,4678.396
,1592,6.08.2008 13:00,4667.297
,1593,6.08.2008 14:00,4656.203
,1594,6.08.2008 15:00,4645.119
,1595,6.08.2008 16:00,4634.012
,1596,6.08.2008 17:00,4622.917
,1597,6.08.2008 18:00,4611.832
,1598,6.08.2008 19:00,4600.752
,1599,6.08.2008 20:00,4589.671
,1600,6.08.2008 21:00,4578.602
,1601,6.08.2008 22:00,4567.598
,1602,6.08.2008 23:00,4556.592
,1603,7.08.2008 00:00,4545.606
,1604,7.08.2008 01:00,4534.631
,1605,7.08.2008 02:00,4523.692
,1606,7.08.2008 03:00,4512.774
,1607,7.08.2008 04:00,4501.874
,1608,7.08.2008 05:00,4491.003
,1609,7.08.2008 06:00,4480.173
,1610,7.08.2008 07:00,4469.342
,1611,7.08.2008 08:00,4458.524
,1612,7.08.2008 09:00,4447.731
,1613,7.08.2008 10:00,4436.967
,1614,7.08.2008 11:00,4426.227
,1615,7.08.2008 12:00,4415.483
,1616,7.08.2008 13:00,4404.763
,1617,7.08.2008 14:00,4394.086
,1618,7.08.2008 15:00,4383.467
,1619,7.08.2008 16:00,4372.908
,1620,7.08.2008 17:00,4362.401
,1621,7.08.2008 18:00,4351.955
,1622,7.08.2008 19:00,4341.564
,1623,7.08.2008 20:00,4331.234
,1624,7.08.2008 21:00,4320.95
,1625,7.08.2008 22:00,4310.736
,1626,7.08.2008 23:00,4300.556
,1627,8.08.2008 00:00,4290.422
,1628,8.08.2008 01:00,4280.343
,1629,8.08.2008 02:00,4270.319
,1630,8.08.2008 03:00,4260.323
,1631,8.08.2008 04:00,4250.411
,1632,8.08.2008 05:00,4240.586
,1633,8.08.2008 06:00,4230.835
,1634,8.08.2008 07:00,4221.182
,1635,8.08.2008 08:00,4211.639
,1636,8.08.2008 09:00,4202.18
,1637,8.08.2008 10:00,4192.816
,1638,8.08.2008 11:00,4183.537
,1639,8.08.2008 12:00,4174.336
,1640,8.08.2008 13:00,4165.207
,1641,8.08.2008 14:00,4156.151
,1642,8.08.2008 15:00,4147.18
,1643,8.08.2008 16:00,4138.277
,1644,8.08.2008 17:00,4129.456
,1645,8.08.2008 18:00,4120.705
,1646,8.08.2008 19:00,4112.021
,1647,8.08.2008 20:00,4103.422
,1648,8.08.2008 21:00,4094.891
,1649,8.08.2008 22:00,4086.427
,1650,8.08.2008 23:00,4078.052
,1651,9.08.2008 00:00,4069.744
,1652,9.08.2008 01:00,4061.513
,1653,9.08.2008 02:00,4053.353
,1654,9.08.2008 03:00,4045.268
,1655,9.08.2008 04:00,4037.235
,1656,9.08.2008 05:00,4029.276
,1657,9.08.2008 06:00,4021.38
,1658,9.08.2008 07:00,4013.455
,1659,9.08.2008 08:00,4005.519
,1660,9.08.2008 09:00,3997.607
,1661,9.08.2008 10:00,3989.728
,1662,9.08.2008 11:00,3981.899
,1663,9.08.2008 12:00,3974.109
,1664,9.08.2008 13:00,3966.368
,1665,9.08.2008 14:00,3958.67
,1666,9.08.2008 15:00,3951.027
,1667,9.08.2008 16:00,3943.431
,1668,9.08.2008 17:00,3935.895
,1669,9.08.2008 18:00,3928.408
,1670,9.08.2008 19:00,3920.985
,1671,9.08.2008 20:00,3913.604
,1672,9.08.2008 21:00,3906.259
,1673,9.08.2008 22:00,3898.972
,1674,9.08.2008 23:00,3891.734
,1675,10.08.2008 00:00,3884.552
,1676,10.08.2008 01:00,3877.427
,1677,10.08.2008 02:00,3870.344
,1678,10.08.2008 03:00,3863.309
,1679,10.08.2008 04:00,3856.328
,1680,10.08.2008 05:00,3849.386
,1681,10.08.2008 06:00,3842.497
,1682,10.08.2008 07:00,3835.587
,1683,10.08.2008 08:00,3828.661
,1684,10.08.2008 09:00,3821.742
,1685,10.08.2008 10:00,3814.856
,1686,10.08.2008 11:00,3808.002
,1687,10.08.2008 12:00,3801.178
,1688,10.08.2008 13:00,3794.395
,1689,10.08.2008 14:00,3787.648
,1690,10.08.2008 15:00,3780.939
,1691,10.08.2008 16:00,3774.272
,1692,10.08.2008 17:00,3767.639
,1693,10.08.2008 18:00,3761.047
,1694,10.08.2008 19:00,3754.494
,1695,10.08.2008 20:00,3747.983
,1696,10.08.2008 21:00,3741.514
,1697,10.08.2008 22:00,3735.103
,1698,10.08.2008 23:00,3728.741
,1699,11.08.2008 00:00,3722.428
,1700,11.08.2008 01:00,3716.16
,1701,11.08.2008 02:00,3709.931
,1702,11.08.2008 03:00,3703.753
,1703,11.08.2008 04:00,3697.622
,1704,11.08.2008 05:00,3691.539
,1705,11.08.2008 06:00,3685.492
,1706,11.08.2008 07:00,3679.486
,1707,11.08.2008 08:00,3673.499
,1708,11.08.2008 09:00,3667.544
,1709,11.08.2008 10:00,3661.632
,1710,11.08.2008 11:00,3655.757
,1711,11.08.2008 12:00,3649.922
,1712,11.08.2008 13:00,3644.132
,1713,11.08.2008 14:00,3638.383
,1714,11.08.2008 15:00,3632.676
,1715,11.08.2008 16:00,3627.009
,1716,11.08.2008 17:00,3621.374
,1717,11.08.2008 18:00,3615.77
,1718,11.08.2008 19:00,3610.202
,1719,11.08.2008 20:00,3604.671
,1720,11.08.2008 21:00,3599.181
,1721,11.08.2008 22:00,3593.717
,1722,11.08.2008 23:00,3588.292
,1723,12.08.2008 00:00,3582.89
,1724,12.08.2008 01:00,3577.525
,1725,12.08.2008 02:00,3572.19
,1726,12.08.2008 03:00,3566.895
,1727,12.08.2008 04:00,3561.616
,1728,12.08.2008 05:00,3556.371
,1729,12.08.2008 06:00,3551.155
,1730,12.08.2008 07:00,3545.846
,1731,12.08.2008 08:00,3540.445
,1732,12.08.2008 09:00,3535.018
,1733,12.08.2008 10:00,3529.572
,1734,12.08.2008 11:00,3524.119
,1735,12.08.2008 12:00,3518.669
,1736,12.08.2008 13:00,3513.224
,1737,12.08.2008 14:00,3507.783
,1738,12.08.2008 15:00,3502.376
,1739,12.08.2008 16:00,3496.986
,1740,12.08.2008 17:00,3491.585
,1741,12.08.2008 18:00,3486.179
,1742,12.08.2008 19:00,3480.759
,1743,12.08.2008 20:00,3475.361
,1744,12.08.2008 21:00,3469.967
,1745,12.08.2008 22:00,3464.574
,1746,12.08.2008 23:00,3459.197
,1747,13.08.2008 00:00,3453.822
,1748,13.08.2008 01:00,3448.475
,1749,13.08.2008 02:00,3443.092
,1750,13.08.2008 03:00,3437.734
,1751,13.08.2008 04:00,3432.401
,1752,13.08.2008 05:00,3427.042
,1753,13.08.2008 06:00,3421.703
,1754,13.08.2008 07:00,3416.264
,1755,13.08.2008 08:00,3410.71
,1756,13.08.2008 09:00,3405.111
,1757,13.08.2008 10:00,3399.465
,1758,13.08.2008 11:00,3393.792
,1759,13.08.2008 12:00,3388.093
,1760,13.08.2008 13:00,3382.393
,1761,13.08.2008 14:00,3376.672
,1762,13.08.2008 15:00,3370.938
,1763,13.08.2008 16:00,3365.19
,1764,13.08.2008 17:00,3359.435
,1765,13.08.2008 18:00,3353.669
,1766,13.08.2008 19:00,3347.895
,1767,13.08.2008 20:00,3342.111
,1768,13.08.2008 21:00,3336.317
,1769,13.08.2008 22:00,3330.509
,1770,13.08.2008 23:00,3324.691
,1771,14.08.2008 00:00,3318.861
,1772,14.08.2008 01:00,3313.025
,1773,14.08.2008 02:00,3307.178
,1774,14.08.2008 03:00,3301.323
,1775,14.08.2008 04:00,3295.449
,1776,14.08.2008 05:00,3289.573
,1777,14.08.2008 06:00,3283.687
,1778,14.08.2008 07:00,3278.067
,1779,14.08.2008 08:00,3272.762
,1780,14.08.2008 09:00,3267.603
,1781,14.08.2008 10:00,3262.533
,1782,14.08.2008 11:00,3257.53
,1783,14.08.2008 12:00,3252.576
,1784,14.08.2008 13:00,3247.659
,1785,14.08.2008 14:00,3242.801
,1786,14.08.2008 15:00,3237.931
,1787,14.08.2008 16:00,3233.079
,1788,14.08.2008 17:00,3228.239
,1789,14.08.2008 18:00,3223.404
,1790,14.08.2008 19:00,3218.575
,1791,14.08.2008 20:00,3213.746
,1792,14.08.2008 21:00,3208.918
,1793,14.08.2008 22:00,3204.096
,1794,14.08.2008 23:00,3199.271
,1795,15.08.2008 00:00,3194.438
,1796,15.08.2008 01:00,3189.604
,1797,15.08.2008 02:00,3184.766
,1798,15.08.2008 03:00,3179.92
,1799,15.08.2008 04:00,3175.066
,1800,15.08.2008 05:00,3170.21
,1801,15.08.2008 06:00,3165.338
,1802,15.08.2008 07:00,3160.426
,1803,15.08.2008 08:00,3155.485
,1804,15.08.2008 09:00,3150.488
,1805,15.08.2008 10:00,3145.481
,1806,15.08.2008 11:00,3140.457
,1807,15.08.2008 12:00,3135.413
,1808,15.08.2008 13:00,3130.35
,1809,15.08.2008 14:00,3125.264
,1810,15.08.2008 15:00,3120.153
,1811,15.08.2008 16:00,3115.025
,1812,15.08.2008 17:00,3109.88
,1813,15.08.2008 18:00,3104.719
,1814,15.08.2008 19:00,3099.545
,1815,15.08.2008 20:00,3094.355
,1816,15.08.2008 21:00,3089.146
,1817,15.08.2008 22:00,3083.921
,1818,15.08.2008 23:00,3078.677
,1819,16.08.2008 00:00,3073.413
,1820,16.08.2008 01:00,3068.14
,1821,16.08.2008 02:00,3062.851
,1822,16.08.2008 03:00,3057.549
,1823,16.08.2008 04:00,3052.238
,1824,16.08.2008 05:00,3046.912
,1825,16.08.2008 06:00,3041.575
,1826,16.08.2008 07:00,3036.037
,1827,16.08.2008 08:00,3030.266
,1828,16.08.2008 09:00,3024.371
,1829,16.08.2008 10:00,3018.392
,1830,16.08.2008 11:00,3012.347
,1831,16.08.2008 12:00,3006.25
,1832,16.08.2008 13:00,3000.11
,1833,16.08.2008 14:00,2993.944
,1834,16.08.2008 15:00,2987.849
,1835,16.08.2008 16:00,2981.58
,1836,16.08.2008 17:00,2975.347
,1837,16.08.2008 18:00,2969.091
,1838,16.08.2008 19:00,2962.82
,1839,16.08.2008 20:00,2956.537
,1840,16.08.2008 21:00,2950.244
,1841,16.08.2008 22:00,2943.942
,1842,16.08.2008 23:00,2937.638
,1843,17.08.2008 00:00,2931.327
,1844,17.08.2008 01:00,2925.014
,1845,17.08.2008 02:00,2918.699
,1846,17.08.2008 03:00,2912.392
,1847,17.08.2008 04:00,2906.088
,1848,17.08.2008 05:00,2899.792
,1849,17.08.2008 06:00,2893.512
,1850,17.08.2008 07:00,2887.281
,1851,17.08.2008 08:00,2881.128
,1852,17.08.2008 09:00,2875.021
,1853,17.08.2008 10:00,2868.945
,1854,17.08.2008 11:00,2862.902
,1855,17.08.2008 12:00,2856.901
,1856,17.08.2008 13:00,2850.925
,1857,17.08.2008 14:00,2844.976
,1858,17.08.2008 15:00,2839.055
,1859,17.08.2008 16:00,2833.165
,1860,17.08.2008 17:00,2827.309
,1861,17.08.2008 18:00,2821.488
,1862,17.08.2008 19:00,2815.692
,1863,17.08.2008 20:00,2809.931
,1864,17.08.2008 21:00,2804.201
,1865,17.08.2008 22:00,2798.506
,1866,17.08.2008 23:00,2792.848
,1867,18.08.2008 00:00,2787.23
,1868,18.08.2008 01:00,2781.642
,1869,18.08.2008 02:00,2776.091
,1870,18.08.2008 03:00,2770.582
,1871,18.08.2008 04:00,2765.109
,1872,18.08.2008 05:00,2759.676
,1873,18.08.2008 06:00,2754.281
,1874,18.08.2008 07:00,2748.945
,1875,18.08.2008 08:00,2743.684
,1876,18.08.2008 09:00,2738.463
,1877,18.08.2008 10:00,2733.297
,1878,18.08.2008 11:00,2728.163
,1879,18.08.2008 12:00,2723.075
,1880,18.08.2008 13:00,2718.036
,1881,18.08.2008 14:00,2713.036
,1882,18.08.2008 15:00,2708.078
,1883,18.08.2008 16:00,2703.179
,1884,18.08.2008 17:00,2698.307
,1885,18.08.2008 18:00,2693.485
,1886,18.08.2008 19:00,2688.701
,1887,18.08.2008 20:00,2683.95
,1888,18.08.2008 21:00,2679.241
,1889,18.08.2008 22:00,2674.565
,1890,18.08.2008 23:00,2669.933
,1891,19.08.2008 00:00,2665.336
,1892,19.08.2008 01:00,2660.781
,1893,19.08.2008 02:00,2656.26
,1894,19.08.2008 03:00,2651.774
,1895,19.08.2008 04:00,2647.324
,1896,19.08.2008 05:00,2642.909
,1897,19.08.2008 06:00,2638.534
,1898,19.08.2008 07:00,2634.3
,1899,19.08.2008 08:00,2630.251
,1900,19.08.2008 09:00,2626.303
,1901,19.08.2008 10:00,2622.444
,1902,19.08.2008 11:00,2618.655
,1903,19.08.2008 12:00,2614.926
,1904,19.08.2008 13:00,2611.245
,1905,19.08.2008 14:00,2607.611
,1906,19.08.2008 15:00,2604.028
,1907,19.08.2008 16:00,2600.485
,1908,19.08.2008 17:00,2596.981
,1909,19.08.2008 18:00,2593.516
,1910,19.08.2008 19:00,2590.089
,1911,19.08.2008 20:00,2586.7
,1912,19.08.2008 21:00,2583.339
,1913,19.08.2008 22:00,2580.024
,1914,19.08.2008 23:00,2576.721
,1915,20.08.2008 00:00,2573.45
,1916,20.08.2008 01:00,2570.201
,1917,20.08.2008 02:00,2566.985
,1918,20.08.2008 03:00,2563.791
,1919,20.08.2008 04:00,2560.621
,1920,20.08.2008 05:00,2557.477
,1921,20.08.2008 06:00,2554.351
,1922,20.08.2008 07:00,2551.29
,1923,20.08.2008 08:00,2548.306
,1924,20.08.2008 09:00,2545.367
,1925,20.08.2008 10:00,2542.463
,1926,20.08.2008 11:00,2539.597
,1927,20.08.2008 12:00,2536.755
,1928,20.08.2008 13:00,2533.942
,1929,20.08.2008 14:00,2531.146
,1930,20.08.2008 15:00,2528.372
,1931,20.08.2008 16:00,2525.619
,1932,20.08.2008 17:00,2522.88
,1933,20.08.2008 18:00,2520.153
,1934,20.08.2008 19:00,2517.441
,1935,20.08.2008 20:00,2514.743
,1936,20.08.2008 21:00,2512.055
,1937,20.08.2008 22:00,2509.383
,1938,20.08.2008 23:00,2506.719
,1939,21.08.2008 00:00,2504.071
,1940,21.08.2008 01:00,2501.431
,1941,21.08.2008 02:00,2498.803
,1942,21.08.2008 03:00,2496.18
,1943,21.08.2008 04:00,2493.564
,1944,21.08.2008 05:00,2490.954
,1945,21.08.2008 06:00,2488.347
,1946,21.08.2008 07:00,2485.665
,1947,21.08.2008 08:00,2482.876
,1948,21.08.2008 09:00,2480.036
,1949,21.08.2008 10:00,2477.158
,1950,21.08.2008 11:00,2474.251
,1951,21.08.2008 12:00,2471.324
,1952,21.08.2008 13:00,2468.377
,1953,21.08.2008 14:00,2465.409
,1954,21.08.2008 15:00,2462.431
,1955,21.08.2008 16:00,2459.441
,1956,21.08.2008 17:00,2456.432
,1957,21.08.2008 18:00,2453.412
,1958,21.08.2008 19:00,2450.383
,1959,21.08.2008 20:00,2447.336
,1960,21.08.2008 21:00,2444.28
,1961,21.08.2008 22:00,2441.213
,1962,21.08.2008 23:00,2438.139
,1963,22.08.2008 00:00,2435.049
,1964,22.08.2008 01:00,2431.948
,1965,22.08.2008 02:00,2428.835
,1966,22.08.2008 03:00,2425.708
,1967,22.08.2008 04:00,2422.573
,1968,22.08.2008 05:00,2419.431
,1969,22.08.2008 06:00,2416.273
,1970,22.08.2008 07:00,2413.118
,1971,22.08.2008 08:00,2409.971
,1972,22.08.2008 09:00,2406.821
,1973,22.08.2008 10:00,2403.665
,1974,22.08.2008 11:00,2400.507
,1975,22.08.2008 12:00,2397.339
,1976,22.08.2008 13:00,2394.164
,1977,22.08.2008 14:00,2390.981
,1978,22.08.2008 15:00,2387.786
,1979,22.08.2008 16:00,2384.586
,1980,22.08.2008 17:00,2381.374
,1981,22.08.2008 18:00,2378.155
,1982,22.08.2008 19:00,2374.929
,1983,22.08.2008 20:00,2371.689
,1984,22.08.2008 21:00,2368.438
,1985,22.08.2008 22:00,2365.18
,1986,22.08.2008 23:00,2361.914
,1987,23.08.2008 00:00,2358.637
,1988,23.08.2008 01:00,2355.347
,1989,23.08.2008 02:00,2352.049
,1990,23.08.2008 03:00,2348.742
,1991,23.08.2008 04:00,2345.426
,1992,23.08.2008 05:00,2342.098
,1993,23.08.2008 06:00,2338.761
,1994,23.08.2008 07:00,2335.388
,1995,23.08.2008 08:00,2331.971
,1996,23.08.2008 09:00,2328.529
,1997,23.08.2008 10:00,2325.067
,1998,23.08.2008 11:00,2321.585
,1999,23.08.2008 12:00,2318.093
,2000,23.08.2008 13:00,2314.581
,2001,23.08.2008 14:00,2311.057
,2002,23.08.2008 15:00,2307.52
,2003,23.08.2008 16:00,2303.977
,2004,23.08.2008 17:00,2300.424
,2005,23.08.2008 18:00,2296.862
,2006,23.08.2008 19:00,2293.296
,2007,23.08.2008 20:00,2289.716
,2008,23.08.2008 21:00,2286.131
,2009,23.08.2008 22:00,2282.541
,2010,23.08.2008 23:00,2278.944
,2011,24.08.2008 00:00,2275.346
,2012,24.08.2008 01:00,2271.739
,2013,24.08.2008 02:00,2268.13
,2014,24.08.2008 03:00,2264.518
,2015,24.08.2008 04:00,2260.901
,2016,24.08.2008 05:00,2257.283
,2017,24.08.2008 06:00,2253.661
,2018,24.08.2008 07:00,2250.219
,2019,24.08.2008 08:00,2247.033
,2020,24.08.2008 09:00,2243.978
,2021,24.08.2008 10:00,2241.014
,2022,24.08.2008 11:00,2238.115
,2023,24.08.2008 12:00,2235.266
,2024,24.08.2008 13:00,2232.469
,2025,24.08.2008 14:00,2229.713
,2026,24.08.2008 15:00,2226.993
,2027,24.08.2008 16:00,2224.306
,2028,24.08.2008 17:00,2221.649
,2029,24.08.2008 18:00,2219.017
,2030,24.08.2008 19:00,2216.41
,2031,24.08.2008 20:00,2213.826
,2032,24.08.2008 21:00,2211.259
,2033,24.08.2008 22:00,2208.715
,2034,24.08.2008 23:00,2206.187
,2035,25.08.2008 00:00,2203.678
,2036,25.08.2008 01:00,2201.189
,2037,25.08.2008 02:00,2198.72
,2038,25.08.2008 03:00,2196.268
,2039,25.08.2008 04:00,2193.828
,2040,25.08.2008 05:00,2191.406
,2041,25.08.2008 06:00,2189.001
,2042,25.08.2008 07:00,2186.431
,2043,25.08.2008 08:00,2183.597
,2044,25.08.2008 09:00,2180.634
,2045,25.08.2008 10:00,2177.592
,2046,25.08.2008 11:00,2174.49
,2047,25.08.2008 12:00,2171.346
,2048,25.08.2008 13:00,2168.165
,2049,25.08.2008 14:00,2164.954
,2050,25.08.2008 15:00,2161.72
,2051,25.08.2008 16:00,2158.465
,2052,25.08.2008 17:00,2155.189
,2053,25.08.2008 18:00,2151.902
,2054,25.08.2008 19:00,2148.597
,2055,25.08.2008 20:00,2145.283
,2056,25.08.2008 21:00,2141.956
,2057,25.08.2008 22:00,2138.62
,2058,25.08.2008 23:00,2135.27
,2059,26.08.2008 00:00,2131.911
,2060,26.08.2008 01:00,2128.546
,2061,26.08.2008 02:00,2125.169
,2062,26.08.2008 03:00,2121.784
,2063,26.08.2008 04:00,2118.389
,2064,26.08.2008 05:00,2114.992
,2065,26.08.2008 06:00,2111.578
,2066,26.08.2008 07:00,2108.108
,2067,26.08.2008 08:00,2104.531
,2068,26.08.2008 09:00,2100.898
,2069,26.08.2008 10:00,2097.222
,2070,26.08.2008 11:00,2093.516
,2071,26.08.2008 12:00,2089.78
,2072,26.08.2008 13:00,2086.02
,2073,26.08.2008 14:00,2082.234
,2074,26.08.2008 15:00,2078.422
,2075,26.08.2008 16:00,2074.592
,2076,26.08.2008 17:00,2070.738
,2077,26.08.2008 18:00,2066.859
,2078,26.08.2008 19:00,2062.969
,2079,26.08.2008 20:00,2059.056
,2080,26.08.2008 21:00,2055.123
,2081,26.08.2008 22:00,2051.17
,2082,26.08.2008 23:00,2047.197
,2083,27.08.2008 00:00,2043.2
,2084,27.08.2008 01:00,2039.186
,2085,27.08.2008 02:00,2035.15
,2086,27.08.2008 03:00,2031.098
,2087,27.08.2008 04:00,2027.026
,2088,27.08.2008 05:00,2022.932
,2089,27.08.2008 06:00,2018.822
,2090,27.08.2008 07:00,2014.859
,2091,27.08.2008 08:00,2011.126
,2092,27.08.2008 09:00,2007.506
,2093,27.08.2008 10:00,2003.949
,2094,27.08.2008 11:00,2000.44
,2095,27.08.2008 12:00,1996.959
,2096,27.08.2008 13:00,1993.504
,2097,27.08.2008 14:00,1990.072
,2098,27.08.2008 15:00,1986.654
,2099,27.08.2008 16:00,1983.243
,2100,27.08.2008 17:00,1979.836
,2101,27.08.2008 18:00,1976.434
,2102,27.08.2008 19:00,1973.034
,2103,27.08.2008 20:00,1969.635
,2104,27.08.2008 21:00,1966.233
,2105,27.08.2008 22:00,1962.829
,2106,27.08.2008 23:00,1959.421
,2107,28.08.2008 00:00,1956.012
,2108,28.08.2008 01:00,1952.598
,2109,28.08.2008 02:00,1949.178
,2110,28.08.2008 03:00,1945.751
,2111,28.08.2008 04:00,1942.326
,2112,28.08.2008 05:00,1938.895
,2113,28.08.2008 06:00,1935.454
,2114,28.08.2008 07:00,1932.56
,2115,28.08.2008 08:00,1930.564
,2116,28.08.2008 09:00,1929.044
,2117,28.08.2008 10:00,1927.826
,2118,28.08.2008 11:00,1926.838
,2119,28.08.2008 12:00,1926.038
,2120,28.08.2008 13:00,1925.399
,2121,28.08.2008 14:00,1924.887
,2122,28.08.2008 15:00,1924.497
,2123,28.08.2008 16:00,1924.211
,2124,28.08.2008 17:00,1924.016
,2125,28.08.2008 18:00,1923.908
,2126,28.08.2008 19:00,1923.876
,2127,28.08.2008 20:00,1923.921
,2128,28.08.2008 21:00,1924.028
,2129,28.08.2008 22:00,1924.19
,2130,28.08.2008 23:00,1924.41
,2131,29.08.2008 00:00,1924.685
,2132,29.08.2008 01:00,1925.009
,2133,29.08.2008 02:00,1925.385
,2134,29.08.2008 03:00,1925.805
,2135,29.08.2008 04:00,1926.27
,2136,29.08.2008 05:00,1926.779
,2137,29.08.2008 06:00,1927.33
,2138,29.08.2008 07:00,1927.078
,2139,29.08.2008 08:00,1925.438
,2140,29.08.2008 09:00,1923.075
,2141,29.08.2008 10:00,1920.251
,2142,29.08.2008 11:00,1917.085
,2143,29.08.2008 12:00,1913.646
,2144,29.08.2008 13:00,1909.981
,2145,29.08.2008 14:00,1906.125
,2146,29.08.2008 15:00,1902.105
,2147,29.08.2008 16:00,1897.941
,2148,29.08.2008 17:00,1893.654
,2149,29.08.2008 18:00,1889.258
,2150,29.08.2008 19:00,1884.766
,2151,29.08.2008 20:00,1880.189
,2152,29.08.2008 21:00,1875.533
,2153,29.08.2008 22:00,1870.815
,2154,29.08.2008 23:00,1866.032
,2155,30.08.2008 00:00,1861.194
,2156,30.08.2008 01:00,1856.304
,2157,30.08.2008 02:00,1851.362
,2158,30.08.2008 03:00,1846.372
,2159,30.08.2008 04:00,1841.343
,2160,30.08.2008 05:00,1836.274
,2161,30.08.2008 06:00,1831.171
,2162,30.08.2008 07:00,1826.058
,2163,30.08.2008 08:00,1820.961
,2164,30.08.2008 09:00,1815.85
,2165,30.08.2008 10:00,1810.721
,2166,30.08.2008 11:00,1805.591
,2167,30.08.2008 12:00,1800.451
,2168,30.08.2008 13:00,1795.296
,2169,30.08.2008 14:00,1790.127
,2170,30.08.2008 15:00,1784.943
,2171,30.08.2008 16:00,1779.726
,2172,30.08.2008 17:00,1774.492
,2173,30.08.2008 18:00,1769.244
,2174,30.08.2008 19:00,1764.033
,2175,30.08.2008 20:00,1758.809
,2176,30.08.2008 21:00,1753.576
,2177,30.08.2008 22:00,1748.349
,2178,30.08.2008 23:00,1743.099
,2179,31.08.2008 00:00,1737.857
,2180,31.08.2008 01:00,1732.605
,2181,31.08.2008 02:00,1727.347
,2182,31.08.2008 03:00,1722.09
,2183,31.08.2008 04:00,1716.834
,2184,31.08.2008 05:00,1711.575
,2185,31.08.2008 06:00,1706.315