link,to,lat,lon,B,z,n,nCC,Tw,TwCC,Length,gages,level
19088319,19086929,30.462051,-91.19692,230.02011,0.08457441,0.04,0.08,383.36685,1150.1006,8048.0,07374000,0
19086923,19088319,30.499401,-91.196846,4.853785,0.46399346,0.06,0.12,8.089642,24.268925,253.0,,1
19086925,19088319,30.499264,-91.197075,230.01897,0.084574595,0.04,0.08,383.36493,1150.0948,226.0,,1
19085521,19086923,30.50116,-91.19483,4.8519473,0.46407098,0.06,0.12,8.086579,24.259737,312.0,,2
938070165,19086925,30.514172,-91.199104,230.01897,0.084574595,0.04,0.08,383.36493,1150.0948,3028.0,,2
938070087,938070165,30.532217,-91.20919,3.504487,0.5356967,0.06,0.12,5.8408117,17.522434,2177.0,,3
19085301,19085521,30.503588,-91.17979,4.842784,0.4644582,0.06,0.12,8.071306,24.213919,3056.0,,3
938070166,938070165,30.522123,-91.21195,230.01852,0.08457466,0.04,0.08,383.3642,1150.0925,564.0,,3
19053476,19085301,30.501534,-91.16705,1.613514,0.75427556,0.06,0.12,2.68919,8.06757,340.0,,4
938070086,938070087,30.541702,-91.20314,2.3581269,0.63800865,0.06,0.12,3.9302115,11.790634,760.0,,4
19053474,19085301,30.503582,-91.16207,3.6080654,0.5288568,0.06,0.12,6.013442,18.040327,1244.0,,4
19085503,938070166,30.521563,-91.216896,6.7209272,0.4019316,0.06,0.12,11.201546,33.604637,450.0,,4
19085505,938070166,30.520573,-91.216415,230.0161,0.08457506,0.04,0.08,383.36017,1150.0806,357.0,,4
19053456,938070086,30.545424,-91.2008,2.2864203,0.64676017,0.06,0.12,3.8107004,11.432101,362.0,,5
19053472,19053474,30.511356,-91.15583,3.518179,0.5347759,0.06,0.12,5.8636312,17.590895,2143.0,,5
19085507,19085505,30.518335,-91.21942,1.8476021,0.7105147,0.06,0.12,3.079337,9.23801,472.0,,5
19085395,19085503,30.543673,-91.22411,6.716693,0.40204337,0.06,0.12,11.194489,33.583466,6470.0,,5
19085513,19085505,30.515007,-91.23225,230.01605,0.084575064,0.04,0.08,383.36008,1150.0802,2945.0,,5
19053454,19053456,30.549831,-91.18966,1.717423,0.7337906,0.06,0.12,2.8623714,8.587114,2040.0,,6
19053458,19053456,30.545187,-91.18994,1.7213573,0.73305017,0.06,0.12,2.868929,8.606787,1954.0,,6
19053470,19053472,30.524307,-91.17038,2.4573698,0.6265101,0.06,0.12,4.0956163,12.286849,2542.0,,6
19053468,19053472,30.522108,-91.15915,2.5349617,0.61797625,0.06,0.12,4.224936,12.6748085,570.0,,6
19085295,19085507,30.514914,-91.220184,1.7993388,0.7188605,0.06,0.12,2.998898,8.996695,400.0,,6
25471631,19085395,30.570793,-91.237495,6.2472906,0.4151012,0.06,0.12,10.412151,31.236454,817.0,,6
19085519,19085513,30.504032,-91.26707,230.01599,0.08457507,0.04,0.08,383.36,1150.08,4247.0,,6
19053462,19053470,30.535517,-91.18391,1.4803479,0.7834909,0.06,0.12,2.4672463,7.401739,1306.0,,7
19053464,19053468,30.531946,-91.15912,2.3600786,0.63777584,0.06,0.12,3.9334645,11.800393,1656.0,,7
19085517,19085519,30.512714,-91.28688,3.686507,0.5238624,0.06,0.12,6.1441784,18.432535,561.0,,7
19085509,19085295,30.512684,-91.22415,1.774081,0.7233579,0.06,0.12,2.9568017,8.870404,522.0,,7
19053658,25471631,30.581907,-91.24652,6.173955,0.41726932,0.06,0.12,10.289926,30.869776,2505.0,,7
19085515,19085519,30.536083,-91.244064,230.01546,0.08457516,0.04,0.08,383.3591,1150.0773,10111.0,,7
19053460,19053464,30.542448,-91.16765,1.8470317,0.7106115,0.06,0.12,3.078386,9.235158,1710.0,,8
19053656,19053658,30.59162,-91.24789,2.1199372,0.6686955,0.06,0.12,3.5332289,10.599687,909.0,,8
19085297,19085517,30.523964,-91.28944,3.6595364,0.5255622,0.06,0.12,6.0992274,18.297682,2504.0,,8
19085511,19085509,30.511522,-91.22697,1.7075094,0.73566705,0.06,0.12,2.845849,8.537547,81.0,,8
19053440,19053658,30.590107,-91.2395,6.0014873,0.42251775,0.06,0.12,10.002479,30.007435,1388.0,,8
19085557,19085515,30.57334,-91.26408,4.8910723,0.46242955,0.055,0.11,8.151787,30.0,489.0,,8
19088315,19085515,30.57179,-91.26849,230.01414,0.08457537,0.04,0.08,383.3569,1150.0707,917.0,,8
19053438,19053440,30.598997,-91.23045,2.5533507,0.61600876,0.06,0.12,4.2555842,12.766753,3219.0,,9
19085539,19085297,30.529137,-91.28393,3.5609615,0.5319318,0.06,0.12,5.934936,17.804808,569.0,,9
19085299,19085511,30.511036,-91.22824,1.691073,0.7388131,0.06,0.12,2.818455,8.455365,185.0,,9
19053446,19053440,30.584349,-91.2287,5.792222,0.42918557,0.06,0.12,9.653703,28.96111,1980.0,,9
19085501,19088315,30.571934,-91.29883,230.01387,0.084575415,0.04,0.08,383.35648,1150.0693,5094.0,,9
19085555,19085557,30.576563,-91.26451,4.87638,0.46304375,0.055,0.11,8.127299,30.0,232.0,,9
19085499,19088315,30.574078,-91.27509,3.0921733,0.566111,0.06,0.12,5.153622,15.460866,538.0,,9
19085541,19085299,30.50957,-91.23239,1.6805121,0.7408579,0.06,0.12,2.8008535,8.40256,677.0,,10
19085551,19085555,30.57824,-91.26422,1.522573,0.7738295,0.06,0.12,2.5376217,7.612865,171.0,,10
19085495,19085501,30.587404,-91.31333,1.5275389,0.77271867,0.06,0.12,2.5458982,7.6376944,609.0,,10
19053444,19053446,30.59903,-91.21527,5.5631595,0.43689406,0.06,0.12,9.271933,27.815798,4916.0,,10
19053450,19053446,30.58115,-91.20669,2.5261357,0.6189279,0.06,0.12,4.210226,12.630678,2805.0,,10
19085497,19085501,30.600718,-91.31214,230.01373,0.08457544,0.04,0.08,383.35623,1150.0686,3439.0,,10
19085553,19085555,30.586985,-91.270905,4.81722,0.46554396,0.055,0.11,8.028701,30.0,2392.0,,10
19085293,19085499,30.58359,-91.27435,3.0468287,0.56981266,0.06,0.12,5.0780478,15.234143,1587.0,,10
19053408,19053444,30.622513,-91.214645,2.1462576,0.66506517,0.06,0.12,3.5770962,10.731289,2029.0,,11
19085291,19085551,30.580656,-91.262245,1.5011086,0.77869177,0.06,0.12,2.5018477,7.505543,583.0,,11
19085489,19085495,30.588089,-91.31043,1.3607184,0.8131657,0.06,0.12,2.267864,6.8035917,23.0,,11
19053406,19053444,30.614527,-91.21028,5.215336,0.44951728,0.06,0.12,8.692226,26.076677,177.0,,11
19053738,19085553,30.596447,-91.27743,4.717276,0.46987,0.055,0.11,7.862127,30.0,166.0,,11
19085485,19085497,30.631887,-91.29339,230.01352,0.084575474,0.04,0.08,383.35587,1150.0676,4607.0,,11
19085549,19085553,30.601118,-91.285,1.4272218,0.7962262,0.06,0.12,2.378703,7.136109,1779.0,,11
19088331,19085293,30.584803,-91.28276,2.374881,0.63601905,0.06,0.12,3.958135,11.874405,270.0,,11
19053410,19053406,30.616552,-91.2006,1.9638349,0.6916453,0.06,0.12,3.2730582,9.819175,2183.0,,12
19085535,19085291,30.583824,-91.26211,1.0847288,0.89869344,0.06,0.12,1.8078815,5.423644,191.0,,12
19085289,19085489,30.585281,-91.30954,1.3607184,0.8131657,0.06,0.12,2.267864,6.8035917,689.0,,12
19085493,19088331,30.585714,-91.284096,1.7756224,0.7230808,0.06,0.12,2.9593706,8.878112,60.0,,12
19053404,19053406,30.619862,-91.204315,5.1121035,0.45349967,0.06,0.12,8.520172,25.560516,2068.0,,12
19055820,19085485,30.652624,-91.30335,2.8443015,0.5873691,0.06,0.12,4.7405024,14.221508,638.0,,12
19053434,19053738,30.598513,-91.27629,4.7150564,0.46996757,0.055,0.11,7.8584275,30.0,354.0,,12
19085481,19085485,30.651127,-91.30384,230.0132,0.08457553,0.04,0.08,383.35532,1150.066,442.0,,12
19085491,19088331,30.589695,-91.28812,1.9187636,0.69876647,0.06,0.12,3.1979394,9.593818,1261.0,,12
19053392,19053404,30.637894,-91.20244,2.5043573,0.62129664,0.06,0.12,4.173929,12.521787,4210.0,,13
19085287,19085493,30.592049,-91.29146,1.7756224,0.7230808,0.06,0.12,2.9593706,8.878112,2542.0,,13
19085537,19085289,30.579966,-91.30822,1.1462269,0.877093,0.06,0.12,1.9103782,5.7311344,528.0,,13
19053394,19053404,30.632612,-91.22162,4.8500648,0.46415046,0.06,0.12,8.083442,24.250324,3916.0,,13
19053672,19055820,30.65713,-91.29641,2.7129924,0.5997457,0.06,0.12,4.5216537,13.564961,1288.0,,13
19053430,19053434,30.601194,-91.267296,4.31181,0.4888747,0.055,0.11,7.1863503,30.0,2986.0,,13
19053428,19053434,30.606127,-91.279366,2.8546317,0.5864304,0.06,0.12,4.7577195,14.273159,1654.0,,13
19053734,19085481,30.654163,-91.30578,14.499725,0.2863056,0.05,0.1,24.166208,72.49863,554.0,,13
19085559,19085481,30.662725,-91.338486,229.99014,0.08457927,0.04,0.08,383.3169,1149.9507,7305.0,,13
19085285,19085491,30.599417,-91.29096,1.5786633,0.76157695,0.06,0.12,2.6311057,7.8933167,968.0,,13
19053372,19053672,30.666363,-91.28498,2.5597262,0.6153314,0.06,0.12,4.2662106,12.798632,3221.0,,14
19053382,19053394,30.650501,-91.22661,4.378708,0.48556536,0.06,0.12,7.297847,21.893541,724.0,,14
19053422,19053428,30.611162,-91.275085,1.2767907,0.83632857,0.06,0.12,2.1279845,6.3839536,485.0,,14
19053414,19053430,30.615795,-91.258194,2.755232,0.5956718,0.06,0.12,4.5920534,13.77616,1652.0,,14
19053416,19053430,30.625153,-91.26919,3.569161,0.53139234,0.06,0.12,5.9486017,17.845804,3362.0,,14
19053420,19053428,30.612772,-91.27749,2.4836512,0.6235765,0.06,0.12,4.1394186,12.418256,158.0,,14
19053732,19053734,30.668451,-91.305565,14.498434,0.28631684,0.05,0.1,24.164057,72.49217,2611.0,,14
19085479,19085559,30.736948,-91.35971,229.98973,0.08457933,0.04,0.08,383.31622,1149.9486,9058.0,,14
19085487,19085285,30.604235,-91.29277,1.4182242,0.7984508,0.06,0.12,2.363707,7.091121,216.0,,14
19053368,19053372,30.674189,-91.26511,1.7777759,0.7226942,0.06,0.12,2.9629598,8.88888,1351.0,,15
19053374,19053382,30.661163,-91.234474,3.575821,0.53095543,0.06,0.12,5.9597015,17.879105,3647.0,,15
19053376,19053382,30.665257,-91.217255,3.2901254,0.5508235,0.06,0.12,5.4835424,16.450626,3996.0,,15
19053650,19053416,30.636963,-91.25522,2.018574,0.68330705,0.06,0.12,3.36429,10.092871,2400.0,,15
19053706,19053422,30.609337,-91.27521,0.9628726,0.94720393,0.06,0.12,1.6047877,4.814363,261.0,,15
19053400,19053414,30.619776,-91.25122,2.4970686,0.6220961,0.06,0.12,4.1617813,12.485343,91.0,,15
19053386,19053416,30.644161,-91.26591,2.923473,0.5802976,0.06,0.12,4.872455,14.617365,1305.0,,15
19053676,19053420,30.613964,-91.280334,2.4751124,0.6245247,0.06,0.12,4.1251874,12.375563,526.0,,15
19055822,19053732,30.680334,-91.308464,5.324447,0.44542974,0.055,0.11,8.874079,30.0,186.0,,15
19053670,19085479,30.759247,-91.396675,11.67691,0.31500286,0.055,0.11,19.461517,58.384552,689.0,,15
19053728,19053732,30.688046,-91.31322,14.186752,0.28907517,0.05,0.1,23.644588,70.93376,2325.0,,15
19085457,19085479,30.75778,-91.3954,229.97723,0.08458136,0.04,0.08,383.29538,1149.8862,330.0,,15
19088333,19085487,30.607311,-91.29518,1.3825786,0.8074682,0.06,0.12,2.3042977,6.912893,648.0,,15
19053384,19053386,30.647755,-91.27223,1.9428471,0.6949317,0.06,0.12,3.2380786,9.714235,1868.0,,16
19053652,19053400,30.622532,-91.23747,1.9451722,0.6945651,0.06,0.12,3.2419536,9.725861,2889.0,,16
19053654,19053400,30.62411,-91.24965,1.7098325,0.7352259,0.06,0.12,2.849721,8.549163,1615.0,,16
19053380,19053386,30.651983,-91.26172,2.368207,0.6368092,0.06,0.12,3.9470115,11.841035,690.0,,16
19053710,19085457,30.759552,-91.398346,3.282293,0.55140305,0.06,0.12,5.4704885,16.411467,507.0,,16
19053418,19053676,30.614542,-91.28381,2.4068646,0.63227636,0.06,0.12,4.0114408,12.034323,248.0,,16
19053730,19055822,30.681261,-91.3087,5.319986,0.44559452,0.055,0.11,8.866643,30.0,23.0,,16
19053724,19053728,30.696259,-91.31993,7.6631813,0.37932718,0.055,0.11,12.771969,50.0,217.0,,16
19055818,19053670,30.761793,-91.39892,11.674515,0.31503135,0.055,0.11,19.457525,58.372574,12.0,,16
19053726,19053728,30.70036,-91.31107,13.316342,0.29726398,0.05,0.1,22.193905,70.0,3103.0,,16
19088329,19085457,30.754604,-91.405426,229.97694,0.08458141,0.04,0.08,383.2949,1149.8846,1742.0,,16
19085483,19088333,30.610552,-91.29957,1.0264165,0.9208709,0.06,0.12,1.7106942,5.1320825,492.0,,16
19053378,19053380,30.65687,-91.25442,1.5006818,0.77878946,0.06,0.12,2.5011363,7.503409,1385.0,,17
19053618,19053710,30.771465,-91.40874,3.2667074,0.5525621,0.06,0.12,5.4445124,16.333538,3216.0,,17
19053674,19053418,30.615643,-91.28533,2.388121,0.634461,0.06,0.12,3.9802015,11.940604,134.0,,17
19085459,19088329,30.74766,-91.41451,1.6632018,0.7442498,0.06,0.12,2.772003,8.316009,680.0,,17
19053366,19053730,30.690575,-91.30255,5.3194733,0.44561344,0.055,0.11,8.865788,30.0,3666.0,,17
19053356,19053724,30.703749,-91.327995,7.6628747,0.37933388,0.055,0.11,12.771458,50.0,2788.0,,17
19053668,19055818,30.765789,-91.39769,11.674515,0.31503135,0.055,0.11,19.457525,58.372574,928.0,,17
19053736,19053726,30.715654,-91.29307,13.296126,0.2974633,0.05,0.1,22.16021,70.0,3572.0,,17
19085461,19088329,30.742691,-91.42712,229.97685,0.08458143,0.04,0.08,383.29474,1149.8843,3153.0,,17
19053402,19053674,30.616282,-91.28617,2.3646796,0.6372281,0.06,0.12,3.9411325,11.823398,84.0,,18
19085545,19085459,30.74438,-91.41459,1.5221578,0.7739226,0.06,0.12,2.5369296,7.610789,32.0,,18
19053364,19053366,30.686775,-91.27837,3.8305402,0.515079,0.06,0.12,6.3842335,19.1527,3338.0,,18
19053716,19053736,30.729637,-91.29237,0.7444068,1.0610814,0.06,0.12,1.2406781,3.7220342,103.0,,18
19053358,19053366,30.70786,-91.27789,4.2050896,0.4943101,0.06,0.12,7.0084825,21.025448,5510.0,,18
19053350,19053356,30.72049,-91.3353,5.1822276,0.45078203,0.055,0.11,8.637047,30.0,1689.0,,18
19085463,19085461,30.737753,-91.444374,6.8206673,0.3993279,0.055,0.11,11.367779,34.103336,432.0,,18
19053352,19053356,30.721546,-91.34264,6.6079116,0.40495002,0.055,0.11,11.0131855,33.03956,3036.0,,18
19053302,19053668,30.770298,-91.39617,11.670534,0.31507877,0.055,0.11,19.45089,58.35267,347.0,,18
19053720,19053736,30.731726,-91.29121,13.227221,0.29814595,0.05,0.1,22.045366,70.0,585.0,,18
19085465,19085461,30.735767,-91.45051,229.97427,0.084581845,0.04,0.08,383.29047,1149.8713,1628.0,,18
19053336,19053352,30.742506,-91.345184,1.8684735,0.7070022,0.06,0.12,3.1141226,9.342368,2419.0,,19
19053342,19053350,30.73612,-91.3301,1.6094236,0.75512064,0.06,0.12,2.6823728,8.047118,2749.0,,19
19053346,19053358,30.731983,-91.2717,2.1829526,0.66010964,0.06,0.12,3.6382544,10.914763,2827.0,,19
19053704,19053402,30.617422,-91.28578,2.3418586,0.6399602,0.06,0.12,3.9030976,11.709293,208.0,,19
19085531,19085545,30.743204,-91.41321,1.5221578,0.7739226,0.06,0.12,2.5369296,7.610789,347.0,,19
19053290,19053302,30.774672,-91.393715,2.5883393,0.6123211,0.06,0.12,4.3138986,12.941696,1386.0,,19
19053360,19053364,30.701694,-91.26591,2.4572058,0.6265285,0.06,0.12,4.095343,12.286029,2031.0,,19
19053362,19053364,30.69126,-91.262054,2.8803856,0.58411133,0.06,0.12,4.8006425,14.401928,907.0,,19
19053644,19053716,30.730196,-91.29051,0.7203481,1.0765728,0.06,0.12,1.2005801,3.6017406,275.0,,19
19053344,19053358,30.726,-91.25835,3.6155941,0.5283707,0.06,0.12,6.0259905,18.07797,1838.0,,19
19053340,19053350,30.728277,-91.32346,5.0472856,0.45605987,0.055,0.11,8.412143,30.0,2603.0,,19
938070163,19085463,30.752222,-91.44456,6.8172994,0.39941493,0.055,0.11,11.362165,34.086494,2885.0,,19
19053338,19053352,30.736053,-91.35076,6.452157,0.409234,0.055,0.11,10.753595,32.260784,756.0,,19
19053292,19053302,30.773905,-91.40117,11.60151,0.3159044,0.055,0.11,19.33585,58.007553,1184.0,,19
19053718,19053720,30.73388,-91.28699,13.215066,0.2982669,0.05,0.1,22.02511,70.0,418.0,,19
19085467,19085465,30.743473,-91.475426,229.97401,0.08458188,0.04,0.08,383.29,1149.8701,3590.0,,19
19085469,19085465,30.734201,-91.4609,3.0709403,0.56783456,0.06,0.12,5.1182337,15.354701,484.0,,19
19053274,19053290,30.786911,-91.389694,1.7320881,0.7310431,0.06,0.12,2.8868134,8.66044,2472.0,,20
19053276,19053290,30.78868,-91.39756,1.746198,0.72843117,0.06,0.12,2.91033,8.73099,2298.0,,20
19053278,19053292,30.786777,-91.410995,1.841882,0.71148735,0.06,0.12,3.0698032,9.20941,2686.0,,20
19053354,19053360,30.709913,-91.25536,1.629313,0.75104,0.06,0.12,2.7155216,8.1465645,1264.0,,20
19053634,19053338,30.755932,-91.35164,2.226258,0.6544136,0.06,0.12,3.7104301,11.13129,5277.0,,20
19053646,19053344,30.723778,-91.238075,2.398989,0.6331913,0.06,0.12,3.998315,11.994946,3452.0,,20
19053648,19053362,30.69927,-91.246376,2.6980326,0.60121053,0.06,0.12,4.496721,13.490163,3701.0,,20
19053708,19053644,30.730719,-91.289276,0.28472525,1.6213952,0.06,0.12,0.47454208,1.4236263,215.0,,20
19053714,19085467,30.746943,-91.49525,4.798734,0.46633434,0.06,0.12,7.9978905,23.993671,523.0,,20
19053330,19053340,30.739895,-91.31518,3.227388,0.555522,0.06,0.12,5.3789797,16.136938,883.0,,20
19053642,19053344,30.732544,-91.250595,2.991543,0.5744347,0.06,0.12,4.985905,14.957715,1542.0,,20
19085471,19085469,30.73262,-91.46393,1.2935208,0.83153903,0.06,0.12,2.155868,6.467604,233.0,,20
19053332,19053340,30.740646,-91.32328,4.381324,0.48543745,0.055,0.11,7.3022065,30.0,1122.0,,20
938070071,938070163,30.768044,-91.46264,4.7683225,0.46764416,0.06,0.12,7.947204,23.841612,3820.0,,20
938070164,938070163,30.770031,-91.44776,5.602025,0.43555424,0.055,0.11,9.336708,30.0,1418.0,,20
19053636,19053338,30.749529,-91.35715,6.344314,0.4122885,0.055,0.11,10.573856,31.72157,2657.0,,20
19053280,19053292,30.80206,-91.43652,11.580355,0.3161589,0.055,0.11,19.30059,57.90177,10241.0,,20
19053722,19053718,30.744287,-91.28707,13.213971,0.2982778,0.05,0.1,22.023285,70.0,1980.0,,20
19088297,19085467,30.743513,-91.50206,229.97304,0.084582046,0.04,0.08,383.2884,1149.8651,1668.0,,20
19088305,19085469,30.733423,-91.46508,2.961715,0.5769799,0.06,0.12,4.9361916,14.808575,364.0,,20
19053166,19053280,30.841846,-91.4214,2.1155615,0.6693054,0.06,0.12,3.525936,10.577807,3855.0,,21
19053328,19053330,30.742403,-91.3059,1.7716093,0.723803,0.06,0.12,2.9526823,8.858047,2062.0,,21
19053632,19053332,30.754108,-91.33352,1.9387003,0.6955871,0.06,0.12,3.231167,9.693501,2801.0,,21
19053638,19053714,30.756308,-91.4964,4.786183,0.46687344,0.06,0.12,7.9769716,23.930916,4549.0,,21
19053640,19053642,30.749151,-91.251724,2.0470004,0.6791044,0.06,0.12,3.4116673,10.235002,3134.0,,21
19053334,19053642,30.737991,-91.24486,2.4537582,0.6269167,0.06,0.12,4.089597,12.268791,443.0,,21
19053628,19053330,30.754583,-91.31316,2.954854,0.57757056,0.06,0.12,4.9247565,14.77427,3309.0,,21
19085279,19085471,30.730768,-91.46282,1.2644049,0.83993304,0.06,0.12,2.1073415,6.322025,324.0,,21
19053612,938070164,30.77955,-91.45212,3.1398318,0.56230384,0.06,0.12,5.2330527,15.699159,1278.0,,21
19053620,938070071,30.790556,-91.489914,4.4292555,0.4831128,0.06,0.12,7.382092,22.146276,6316.0,,21
19053630,19053332,30.756563,-91.324005,4.186813,0.49526092,0.055,0.11,6.9780216,30.0,2938.0,,21
19053614,938070164,30.788593,-91.46849,5.174012,0.45109767,0.055,0.11,8.623353,30.0,4362.0,,21
19053316,19053636,30.769104,-91.35545,6.046917,0.42111436,0.055,0.11,10.078195,30.234583,2234.0,,21
19053318,19053636,30.768007,-91.35981,1.3565754,0.81426036,0.06,0.12,2.260959,6.782877,2140.0,,21
19053164,19053280,30.836031,-91.407486,11.391499,0.3184607,0.055,0.11,18.98583,56.957493,1003.0,,21
19053326,19053722,30.756245,-91.27941,13.161805,0.29879877,0.05,0.1,21.936342,70.0,1380.0,,21
19085477,19088297,30.73611,-91.573494,229.97299,0.08458205,0.04,0.08,383.28833,1149.865,13086.0,,21
19085547,19088305,30.73394,-91.48207,1.7068446,0.7357935,0.06,0.12,2.8447409,8.534223,2885.0,,21
19085473,19088305,30.732553,-91.46821,2.7303345,0.5980621,0.06,0.12,4.5505576,13.651672,306.0,,21
19053304,19053628,30.77406,-91.305626,1.750958,0.7275568,0.06,0.12,2.9182632,8.75479,2435.0,,22
19053306,19053628,30.778702,-91.31581,1.9366205,0.6959166,0.06,0.12,3.2277007,9.683102,3142.0,,22
19053608,19053612,30.789177,-91.45585,2.528464,0.61867636,0.06,0.12,4.214107,12.642321,1983.0,,22
19053624,19053334,30.74465,-91.23504,2.1153421,0.66933596,0.06,0.12,3.5255704,10.576711,2844.0,,22
19053626,19053334,30.745974,-91.24053,1.5062126,0.7775265,0.06,0.12,2.5103543,7.531063,1923.0,,22
19085533,19085279,30.730425,-91.45716,1.2058403,0.8576919,0.06,0.12,2.009734,6.0292015,801.0,,22
19053286,19053612,30.777775,-91.44191,2.337712,0.6404608,0.06,0.12,3.8961866,11.68856,2947.0,,22
19053308,19053630,30.77657,-91.32474,3.2405655,0.5545243,0.06,0.12,5.4009423,16.202827,3275.0,,22
19053310,19053630,30.767178,-91.33214,3.115714,0.56421995,0.06,0.12,5.192857,15.57857,715.0,,22
938070070,19053620,30.82881,-91.48027,3.2160506,0.55638516,0.06,0.12,5.3600845,16.080254,3524.0,,22
938070073,19053614,30.815489,-91.46742,4.415896,0.48375705,0.06,0.12,7.359827,22.079481,3397.0,,22
19085453,19085477,30.77736,-91.570526,5.0607495,0.45552418,0.06,0.12,8.434583,25.303747,371.0,,22
938070072,19053614,30.806671,-91.47068,3.31405,0.54906565,0.06,0.12,5.523417,16.57025,1859.0,,22
19053314,19053326,30.763596,-91.27571,4.30492,0.48921973,0.06,0.12,7.174867,21.524601,1327.0,,22
19053282,19053316,30.782015,-91.36401,6.0096154,0.42226553,0.055,0.11,10.016026,30.048077,1487.0,,22
19053140,19053164,30.847033,-91.41259,7.8892117,0.37449354,0.055,0.11,13.148686,39.446056,2040.0,,22
19053138,19053164,30.842047,-91.40545,9.872805,0.33921158,0.055,0.11,16.454674,50.0,421.0,,22
19053322,19053326,30.760042,-91.26385,12.986868,0.30056784,0.05,0.1,21.64478,70.0,2717.0,,22
19085455,19085477,30.801857,-91.53575,229.97153,0.084582284,0.04,0.08,383.2859,1149.8577,10289.0,,22
19085281,19085473,30.730465,-91.48319,2.7131276,0.5997325,0.06,0.12,4.521879,13.565638,2750.0,,22
19053120,19053140,30.85347,-91.4276,1.8020365,0.7183855,0.06,0.12,3.0033944,9.010182,3256.0,,23
19053258,19053308,30.793272,-91.31655,1.892991,0.70294774,0.06,0.12,3.154985,9.464954,2093.0,,23
19053260,19053308,30.805777,-91.32589,2.7101488,0.60002327,0.06,0.12,4.5169144,13.550744,4938.0,,23
19053264,19053282,30.794107,-91.35755,1.7121496,0.7347868,0.06,0.12,2.8535826,8.560748,2366.0,,23
19053284,19053286,30.777617,-91.429405,1.4196522,0.79809636,0.06,0.12,2.3660872,7.0982614,1350.0,,23
19053296,19053310,30.777605,-91.34012,1.9920624,0.68730426,0.06,0.12,3.3201041,9.960312,2561.0,,23
938070161,938070070,30.842989,-91.48454,1.5547062,0.7667322,0.06,0.12,2.591177,7.773531,1351.0,,23
19053132,19053138,30.84383,-91.40348,2.2647266,0.64948606,0.06,0.12,3.7745445,11.323633,301.0,,23
19053188,938070073,30.834913,-91.44622,2.5406592,0.61736447,0.06,0.12,4.234432,12.703296,2911.0,,23
19053294,19053310,30.776402,-91.33268,2.7284627,0.59824306,0.06,0.12,4.547438,13.642314,2057.0,,23
19053300,19053314,30.777561,-91.28999,2.1604497,0.6631342,0.06,0.12,3.6007497,10.802249,3598.0,,23
19085425,19085455,30.849503,-91.51859,1.9597739,0.69227725,0.06,0.12,3.2662897,9.798869,570.0,,23
938070162,938070070,30.835821,-91.49228,2.495956,0.62221843,0.06,0.12,4.1599264,12.479779,1191.0,,23
19053604,938070072,30.810022,-91.44997,3.0835452,0.5668093,0.06,0.12,5.139242,15.4177265,2860.0,,23
19085391,19085453,30.781013,-91.56997,5.055017,0.45575202,0.06,0.12,8.425028,25.275084,473.0,,23
19053298,19053314,30.780436,-91.275604,4.045417,0.5028246,0.06,0.12,6.7423615,20.227083,3599.0,,23
19053288,19053322,30.785898,-91.25615,4.0488396,0.502637,0.06,0.12,6.748066,20.244198,3945.0,,23
19053266,19053282,30.796804,-91.368,5.928418,0.42480737,0.055,0.11,9.880696,30.0,2742.0,,23
19053112,19053140,30.854809,-91.41709,7.820983,0.37593138,0.055,0.11,13.034971,39.104916,682.0,,23
19053128,19053138,30.852734,-91.404175,9.827149,0.33990595,0.055,0.11,16.378582,50.0,2077.0,,23
19053610,19053322,30.782118,-91.25144,12.772654,0.30278143,0.05,0.1,21.287756,70.0,3336.0,,23
938070167,19085455,30.860008,-91.51727,229.9709,0.08458239,0.04,0.08,383.28482,1149.8545,2860.0,,23
19085475,19085281,30.732922,-91.496796,2.60029,0.6110779,0.06,0.12,4.333817,13.001451,142.0,,23
19053092,19053112,30.866062,-91.4171,1.6030625,0.7564411,0.06,0.12,2.6717708,8.015312,2576.0,,24
19053106,19053128,30.864445,-91.38424,2.1913786,0.65898865,0.06,0.12,3.6522977,10.956893,3872.0,,24
19053124,19053188,30.8487,-91.441345,1.5066365,0.77743,0.06,0.12,2.5110607,7.533182,1796.0,,24
19053126,19053188,30.852936,-91.45078,1.8631579,0.70789146,0.06,0.12,3.1052632,9.315789,2561.0,,24
19053130,19053132,30.85103,-91.39222,1.9569725,0.6927143,0.06,0.12,3.2616208,9.7848625,2724.0,,24
19053158,19053132,30.840605,-91.39395,1.5547062,0.7667322,0.06,0.12,2.591177,7.773531,1842.0,,24
19053228,19053604,30.817806,-91.4393,1.7768536,0.72285974,0.06,0.12,2.9614227,8.884268,2890.0,,24
19053242,19053288,30.809162,-91.26358,2.0314615,0.68139124,0.06,0.12,3.3857691,10.157308,2682.0,,24
19053250,19053298,30.805386,-91.28205,2.0233657,0.6825927,0.06,0.12,3.3722763,10.116829,3578.0,,24
19053272,19053294,30.800209,-91.34133,2.5597262,0.6153314,0.06,0.12,4.2662106,12.798632,4484.0,,24
19053594,938070162,30.843876,-91.49747,2.3747058,0.63603973,0.06,0.12,3.957843,11.8735285,2088.0,,24
19053702,19053300,30.789309,-91.302666,0.94223785,0.95630014,0.06,0.12,1.5703964,4.7111893,464.0,,24
19085277,19085425,30.819498,-91.511696,1.87376,0.70612156,0.06,0.12,3.1229334,9.3688,6857.0,,24
19053218,19053266,30.810701,-91.36353,2.5883393,0.6123211,0.06,0.12,4.3138986,12.941696,2098.0,,24
19053230,19053604,30.80739,-91.43607,2.5707352,0.61416745,0.06,0.12,4.284559,12.853676,505.0,,24
19085387,19085391,30.79133,-91.56942,1.7700611,0.7240822,0.06,0.12,2.9501019,8.850306,2986.0,,24
19085389,19085391,30.788683,-91.56279,4.9480343,0.46007335,0.06,0.12,8.246723,24.740171,2059.0,,24
19053256,19053298,30.789082,-91.29137,3.5204644,0.5346227,0.06,0.12,5.8674407,17.602322,2327.0,,24
19053244,19053288,30.802181,-91.26173,3.5515227,0.53255504,0.06,0.12,5.9192047,17.757614,1153.0,,24
938070160,938070167,30.873032,-91.5142,4.7337217,0.4691491,0.06,0.12,7.8895364,23.66861,400.0,,24
19053268,19053610,30.788774,-91.22857,4.0024977,0.5051963,0.06,0.12,6.67083,20.01249,3100.0,,24
19053220,19053266,30.81593,-91.37783,5.6223154,0.43486005,0.055,0.11,9.370525,30.0,2532.0,,24
19053094,19053112,30.863504,-91.42124,7.787881,0.3766355,0.055,0.11,12.979802,38.939404,1464.0,,24
938070156,19053128,30.868347,-91.40061,9.759722,0.34094,0.055,0.11,16.266203,50.0,2771.0,,24
19053606,19053610,30.801424,-91.24402,12.578889,0.3048303,0.05,0.1,20.964815,70.0,3190.0,,24
938070169,938070167,30.883133,-91.51868,229.96994,0.084582545,0.04,0.08,383.28323,1149.8497,2325.0,,24
19088309,19085475,30.735584,-91.50413,1.4375044,0.79370844,0.06,0.12,2.3958406,7.187522,1490.0,,24
19053202,19053218,30.8252,-91.35409,1.5555031,0.76655895,0.06,0.12,2.5925052,7.7775154,2708.0,,25
19053204,19053218,30.81565,-91.34697,1.992555,0.6872293,0.06,0.12,3.320925,9.962775,2306.0,,25
19053214,19053230,30.815691,-91.42858,1.8817735,0.7047934,0.06,0.12,3.1362891,9.408867,3356.0,,25
19053216,19053230,30.823254,-91.43651,2.1190636,0.66881716,0.06,0.12,3.5317726,10.595318,4417.0,,25
19053246,19053256,30.809156,-91.289375,1.668779,0.7431514,0.06,0.12,2.7812984,8.343895,2786.0,,25
19085385,19085389,30.796946,-91.56312,4.8863716,0.46262577,0.06,0.12,8.143952,24.431856,522.0,,25
19053054,938070156,30.87074,-91.39195,1.8438879,0.71114576,0.06,0.12,3.0731466,10.0,927.0,,25
19053248,19053256,30.801725,-91.29731,3.105965,0.56500065,0.06,0.12,5.176608,15.529824,1372.0,,25
19053262,19053268,30.795404,-91.21064,1.755063,0.72680557,0.06,0.12,2.925105,8.775315,2669.0,,25
19053208,19053606,30.820305,-91.23823,2.8969126,0.58263886,0.06,0.12,4.828188,14.484563,2861.0,,25
938070155,938070169,30.89408,-91.52027,2.6985793,0.6011568,0.06,0.12,4.497632,13.492897,452.0,,25
19053234,19053244,30.814266,-91.2742,3.502181,0.53585225,0.06,0.12,5.8369684,17.510906,4507.0,,25
938070159,938070160,30.873476,-91.501236,4.724522,0.46955192,0.06,0.12,7.8742037,23.622612,2132.0,,25
19053070,19053094,30.867817,-91.431244,3.8067143,0.5164988,0.06,0.12,6.344524,19.033571,1603.0,,25
19053198,19053220,30.827066,-91.360016,3.9014814,0.5109259,0.06,0.12,6.502469,19.507406,3208.0,,25
19053270,19053268,30.78604,-91.21175,3.6292546,0.52749234,0.06,0.12,6.0487576,18.146273,1466.0,,25
19053196,19053220,30.8234,-91.37276,4.7283444,0.46938443,0.06,0.12,7.8805737,23.641722,170.0,,25
19053068,19053094,30.87678,-91.42952,7.420476,0.38475162,0.055,0.11,12.36746,37.10238,3741.0,,25
938070158,938070156,30.873116,-91.39353,9.678885,0.3421933,0.055,0.11,16.131475,50.0,171.0,,25
19053206,19053606,30.814466,-91.228325,12.478889,0.30590558,0.05,0.1,20.79815,70.0,2689.0,,25
938070168,938070169,30.89643,-91.52406,229.96971,0.08458258,0.04,0.08,383.28284,1149.8485,818.0,,25
19053042,938070159,30.8856,-91.48707,1.4594567,0.7884191,0.06,0.12,2.432428,7.2972836,2309.0,,26
19053052,19053054,30.873737,-91.38601,1.0210339,0.92300946,0.06,0.12,1.7017232,5.10517,1263.0,,26
19053056,19053054,30.870394,-91.37767,1.5813677,0.76100206,0.06,0.12,2.635613,7.906839,2228.0,,26
19053062,19053070,30.883469,-91.43784,1.910782,0.7000527,0.06,0.12,3.1846366,9.55391,4074.0,,26
19053156,19053198,30.844776,-91.35254,1.9873705,0.6880197,0.06,0.12,3.312284,9.936852,3061.0,,26
19053174,19053234,30.839901,-91.28263,1.9353182,0.6961231,0.06,0.12,3.2255304,9.676592,3061.0,,26
19053192,19053196,30.83253,-91.3658,1.96687,0.69117427,0.06,0.12,3.2781165,9.83435,3057.0,,26
19053224,19053248,30.814085,-91.298195,1.7167655,0.73391455,0.06,0.12,2.861276,8.583827,2096.0,,26
19053226,19053248,30.814299,-91.308624,2.796506,0.591777,0.06,0.12,4.660843,13.98253,4662.0,,26
19053252,19053270,30.789227,-91.197205,1.7151197,0.73422515,0.06,0.12,2.858533,8.575599,2116.0,,26
19053600,19053208,30.825743,-91.256584,1.8438879,0.71114576,0.06,0.12,3.0731466,9.2194395,2588.0,,26
19053700,19053262,30.806707,-91.21702,0.89462554,0.97842866,0.06,0.12,1.4910426,4.473128,325.0,,26
19053602,19053208,30.821194,-91.25958,2.0871308,0.6733125,0.06,0.12,3.4785514,10.435655,3220.0,,26
938070154,938070155,30.901005,-91.511284,2.6645415,0.6045327,0.06,0.12,4.4409027,13.322708,1965.0,,26
19052982,19053068,30.889647,-91.42332,3.0965743,0.5657559,0.06,0.12,5.1609573,15.482872,827.0,,26
19053040,938070159,30.896166,-91.48452,3.8306093,0.5150749,0.06,0.12,6.384349,19.153048,5985.0,,26
19053176,19053234,30.831205,-91.28869,2.814126,0.59013945,0.06,0.12,4.69021,14.07063,1485.0,,26
19085543,938070168,30.901375,-91.525444,2.387601,0.6345219,0.06,0.12,3.9793348,11.9380045,440.0,,26
19053066,19053070,30.871016,-91.44172,3.5809581,0.53061926,0.06,0.12,5.9682636,17.90479,1482.0,,26
19053154,19053198,30.835655,-91.34513,3.4971473,0.5361924,0.06,0.12,5.828579,17.485737,804.0,,26
19053190,19053206,30.82511,-91.22725,3.2665188,0.5525762,0.06,0.12,5.444198,16.332594,1473.0,,26
19053254,19053270,30.792805,-91.20648,3.2370167,0.5547924,0.06,0.12,5.395028,16.185083,1637.0,,26
938070068,938070158,30.873676,-91.39167,2.0333574,0.6811109,0.06,0.12,3.388929,10.166786,234.0,,26
19053194,19053196,30.841774,-91.37114,4.6022058,0.4750173,0.06,0.12,7.670343,23.011028,8624.0,,26
19052984,19053068,30.897383,-91.4266,7.1506343,0.39109093,0.055,0.11,11.917724,35.75317,2328.0,,26
938070157,938070158,30.87449,-91.38961,9.645005,0.3427231,0.055,0.11,16.075008,50.0,703.0,,26
19053184,19053206,30.825071,-91.234184,12.372,0.3070688,0.05,0.1,20.619999,70.0,88.0,,26
19085427,938070168,30.905947,-91.53402,229.96957,0.084582604,0.04,0.08,383.28262,1149.8479,2050.0,,26
19052908,19053040,30.920877,-91.474915,1.5402246,0.7699044,0.06,0.12,2.567041,7.7011228,1946.0,,27
19052920,938070154,30.920134,-91.50843,2.08893,0.6730566,0.06,0.12,3.4815497,10.44465,2843.0,,27
19052956,19052984,30.907051,-91.451065,2.2826433,0.64723206,0.06,0.12,3.8044055,11.413217,4451.0,,27
19052972,19052982,30.893114,-91.41291,1.4253367,0.7966906,0.06,0.12,2.3755612,7.1266837,1902.0,,27
19053024,938070157,30.880482,-91.3757,1.8924468,0.7030369,0.06,0.12,3.154078,9.462234,2853.0,,27
19053044,19053066,30.884958,-91.447975,1.6815398,0.7406581,0.06,0.12,2.8025663,8.407699,2447.0,,27
19053064,19053194,30.870308,-91.35815,1.6635514,0.7441808,0.06,0.12,2.7725856,8.317757,1793.0,,27
19053144,19053154,30.845991,-91.33943,1.7346702,0.73056287,0.06,0.12,2.8911169,8.67335,2401.0,,27
19053150,19053176,30.846006,-91.29762,2.1247306,0.6680296,0.06,0.12,3.5412176,10.623652,3291.0,,27
19053186,19053190,30.825926,-91.20769,2.1777837,0.6608004,0.06,0.12,3.6296396,10.888919,2873.0,,27
19053240,19053254,30.807177,-91.20798,1.7164366,0.7339766,0.06,0.12,2.8607275,8.582183,2263.0,,27
19053582,938070154,30.913256,-91.49959,1.5511104,0.7675159,0.06,0.12,2.5851839,7.755552,2457.0,,27
19053698,19053602,30.831913,-91.26962,1.4476461,0.79125047,0.06,0.12,2.4127436,7.2382307,364.0,,27
19052910,19053040,30.91504,-91.48114,3.1445107,0.5619346,0.06,0.12,5.240851,15.722553,361.0,,27
19052970,19052982,30.90621,-91.42197,2.93965,0.5788865,0.06,0.12,4.8994164,14.69825,3845.0,,27
19053152,19053176,30.839043,-91.30036,1.926944,0.6974562,0.06,0.12,3.2115734,9.63472,1988.0,,27
19085253,19085543,30.91099,-91.51895,2.3414986,0.6400036,0.06,0.12,3.9024978,11.707493,2431.0,,27
19053046,19053066,30.875742,-91.44754,3.2655752,0.55264664,0.06,0.12,5.442625,16.327875,427.0,,27
19053146,19053154,30.835115,-91.33763,3.3017142,0.54996973,0.06,0.12,5.5028567,16.50857,1408.0,,27
19053178,19053190,30.827744,-91.22153,2.7194703,0.599115,0.06,0.12,4.5324507,13.597352,410.0,,27
19053238,19053254,30.801905,-91.2033,2.8286684,0.58879906,0.06,0.12,4.714447,14.143341,1384.0,,27
19053692,938070068,30.876066,-91.3927,2.025992,0.6822022,0.06,0.12,3.3766532,10.129959,510.0,,27
19053182,19053184,30.83513,-91.23807,4.5127573,0.4791484,0.06,0.12,7.5212626,22.563787,3047.0,,27
19053074,19053194,30.865273,-91.34848,4.0267725,0.5038504,0.06,0.12,6.7112875,20.133863,1043.0,,27
19085413,19085427,30.91779,-91.544624,5.26333,0.4477043,0.06,0.12,8.772217,26.31665,1501.0,,27
19052954,19052984,30.914211,-91.43815,7.02402,0.39418557,0.055,0.11,11.7067,35.120102,4492.0,,27
19053026,938070157,30.87975,-91.38907,9.615778,0.3431823,0.055,0.11,16.026297,50.0,635.0,,27
19053180,19053184,30.829163,-91.231705,12.151566,0.30951396,0.05,0.1,20.25261,70.0,970.0,,27
19085415,19085427,30.915237,-91.55222,229.96834,0.084582806,0.04,0.08,383.28058,1149.8417,2083.0,,27
19052892,19052970,30.926168,-91.42761,2.0958726,0.67207205,0.06,0.12,3.4931211,10.479363,2010.0,,28
19052898,19052910,30.927134,-91.48254,1.8547044,0.7093131,0.06,0.12,3.091174,9.273521,2874.0,,28
19053034,19053046,30.883461,-91.45156,1.2505635,0.8440218,0.06,0.12,2.0842726,6.2528176,1787.0,,28
19053060,19053074,30.87621,-91.350845,1.6153665,0.7538938,0.06,0.12,2.6922774,8.076832,1929.0,,28
19053170,19053178,30.838326,-91.22121,1.6289489,0.751114,0.06,0.12,2.7149148,8.144745,2433.0,,28
19053578,19052910,30.93422,-91.49989,2.8795424,0.5841868,0.06,0.12,4.7992373,14.397712,8092.0,,28
19053596,19053182,30.84402,-91.26148,1.9945233,0.68693,0.06,0.12,3.3242054,9.972616,3353.0,,28
19053696,19053152,30.839079,-91.31092,0.5605682,1.2025237,0.06,0.12,0.93428034,2.8028412,184.0,,28
19085251,19085253,30.924118,-91.51454,1.6515826,0.74655527,0.06,0.12,2.7526376,8.257913,1451.0,,28
19053022,19053692,30.878832,-91.39622,1.9577373,0.6925949,0.06,0.12,3.2628953,9.788687,407.0,,28
19053038,19053046,30.878681,-91.454704,3.1869178,0.5586234,0.06,0.12,5.3115296,15.934588,2063.0,,28
19053142,19053146,30.840397,-91.33034,3.1533234,0.56124115,0.06,0.12,5.255539,15.766617,837.0,,28
19053168,19053178,30.830463,-91.21941,2.476728,0.62434494,0.06,0.12,4.12788,12.38364,371.0,,28
19053222,19053238,30.80638,-91.197845,2.7481253,0.59635085,0.06,0.12,4.580209,13.740627,444.0,,28
19052886,19052954,30.921597,-91.44662,2.992997,0.57431155,0.06,0.12,4.9883285,14.964985,571.0,,28
19053592,19053182,30.845943,-91.250824,4.2239575,0.49333474,0.06,0.12,7.0399294,21.11979,1153.0,,28
19085405,19085415,30.920546,-91.56465,1.8639992,0.7077505,0.06,0.12,3.1066654,9.319996,952.0,,28
19052994,19053026,30.885252,-91.389496,3.9509213,0.50809526,0.06,0.12,6.584869,19.754606,1155.0,,28
19053058,19053074,30.87142,-91.343666,3.8492174,0.5139749,0.06,0.12,6.4153624,19.246086,962.0,,28
19052876,19085413,30.926434,-91.547874,5.1375265,0.45250824,0.06,0.12,8.562544,25.687632,1147.0,,28
19052888,19052954,30.92464,-91.45483,6.7397084,0.40143707,0.055,0.11,11.232848,33.698544,2514.0,,28
19053586,19053180,30.866272,-91.24282,9.53087,0.34452775,0.055,0.11,15.884784,50.0,8948.0,,28
19052996,19053026,30.88606,-91.39346,9.367562,0.34716478,0.055,0.11,15.612604,50.0,1050.0,,28
19053148,19053180,30.840326,-91.22667,9.665133,0.34240803,0.055,0.11,16.108557,50.0,1777.0,,28
19085407,19085415,30.91716,-91.56462,229.96823,0.08458282,0.04,0.08,383.2804,1149.8412,368.0,,28
19052810,19052888,30.937084,-91.4686,1.755378,0.72674805,0.06,0.12,2.92563,8.77689,2561.0,,29
19052854,19052876,30.933504,-91.54715,1.4581034,0.7887419,0.06,0.12,2.4301724,7.290517,1709.0,,29
19052868,19052886,30.940235,-91.4332,2.4666789,0.6254658,0.06,0.12,4.1111317,12.333395,6615.0,,29
19052978,19052996,30.896524,-91.39898,1.7465161,0.72837263,0.06,0.12,2.9108603,8.73258,2371.0,,29
19052980,19052994,30.8925,-91.3737,2.1536942,0.6640511,0.06,0.12,3.5894902,10.768471,3283.0,,29
19052998,19053038,30.891073,-91.45731,1.613514,0.75427556,0.06,0.12,2.68919,8.06757,2527.0,,29
19053000,19053038,30.899872,-91.47185,2.5986733,0.61124563,0.06,0.12,4.3311224,12.993367,5210.0,,29
19053020,19053022,30.886913,-91.40055,1.8314979,0.7132642,0.06,0.12,3.0524964,9.15749,1890.0,,29
19053050,19053058,30.88165,-91.34361,1.5487041,0.7680418,0.06,0.12,2.5811734,7.7435203,2154.0,,29
19053134,19053142,30.852295,-91.331375,2.135762,0.6665051,0.06,0.12,3.5596035,10.67881,3271.0,,29
19053136,19053142,30.848946,-91.31595,2.5312529,0.61837554,0.06,0.12,4.218755,12.656263,3372.0,,29
19053160,19053168,30.840767,-91.20481,2.1915834,0.6589615,0.06,0.12,3.652639,10.957917,4012.0,,29
19053162,19053168,30.83159,-91.20552,1.6008056,0.75691146,0.06,0.12,2.6680093,8.004028,2492.0,,29
19053210,19053222,30.810085,-91.1884,1.6023109,0.75659764,0.06,0.12,2.6705182,8.011555,1731.0,,29
19053212,19053222,30.820967,-91.18834,2.4471655,0.6276613,0.06,0.12,4.0786095,12.235827,3849.0,,29
19052862,19052886,30.925768,-91.444984,2.1915834,0.6589615,0.06,0.12,3.652639,10.957917,720.0,,29
19053114,19053592,30.855297,-91.25743,4.1896663,0.4951121,0.06,0.12,6.9827766,20.94833,2834.0,,29
19053116,19053148,30.853214,-91.21616,3.0272694,0.57143396,0.06,0.12,5.045449,15.136347,3094.0,,29
19085247,19085405,30.92541,-91.56924,1.6101688,0.75496644,0.06,0.12,2.6836147,8.050844,1576.0,,29
19052974,19052994,30.896376,-91.38416,3.6387656,0.52688366,0.06,0.12,6.064609,18.193827,2358.0,,29
19053048,19053058,30.874096,-91.33866,3.6503584,0.52614474,0.06,0.12,6.083931,18.251793,541.0,,29
19085401,19085407,30.918825,-91.57093,3.135037,0.5626831,0.06,0.12,5.2250614,15.675184,981.0,,29
19052852,19052876,30.929586,-91.54268,5.0532784,0.4558212,0.06,0.12,8.422131,25.266392,1093.0,,29
19052808,19052888,30.940416,-91.4566,6.619545,0.40463588,0.055,0.11,11.032576,33.097725,1344.0,,29
19052950,19053586,30.899439,-91.25267,6.9169283,0.39686653,0.055,0.11,11.528214,34.58464,418.0,,29
19052952,19053586,30.90046,-91.25905,7.7545037,0.37734982,0.055,0.11,12.924173,38.77252,1539.0,,29
19052976,19052996,30.89803,-91.3908,9.3386,0.34763938,0.055,0.11,15.564334,50.0,2309.0,,29
19053118,19053148,30.850952,-91.22772,9.537074,0.34442887,0.055,0.11,15.8951235,50.0,819.0,,29
19085411,19085407,30.915415,-91.58616,229.96797,0.084582865,0.04,0.08,383.27994,1149.8398,3823.0,,29
19052836,19052852,30.942198,-91.548225,2.032647,0.68121594,0.06,0.12,3.3877447,10.163234,3482.0,,30
19052848,19052862,30.936779,-91.44527,1.5217423,0.77401584,0.06,0.12,2.5362372,7.6087112,1946.0,,30
19052850,19052862,30.938972,-91.44771,1.774081,0.7233579,0.06,0.12,2.9568017,8.870404,2933.0,,30
19052934,19052976,30.909922,-91.40253,1.9334924,0.69641304,0.06,0.12,3.2224874,9.667462,3419.0,,30
19052942,19052974,30.910332,-91.372826,1.7660235,0.7248121,0.06,0.12,2.9433725,8.830117,3008.0,,30
19053028,19053048,30.89486,-91.33581,2.6175115,0.6093009,0.06,0.12,4.3625193,13.087558,4917.0,,30
19053082,19053114,30.881042,-91.27977,3.0416367,0.5702416,0.06,0.12,5.0693946,15.208183,6368.0,,30
19053100,19053118,30.86289,-91.228546,1.6256653,0.75178295,0.06,0.12,2.7094421,8.128326,2356.0,,30
19053122,19053116,30.84754,-91.19674,1.9374009,0.69579285,0.06,0.12,3.2290015,9.687004,3215.0,,30
19053584,19052950,30.914768,-91.23945,2.3834336,0.63501114,0.06,0.12,3.9723892,11.917168,4979.0,,30
19052744,19052808,30.951975,-91.46001,2.8653767,0.58545923,0.06,0.12,4.7756276,14.326883,2251.0,,30
19052924,19052952,30.927828,-91.269615,3.4334743,0.5405568,0.06,0.12,5.722457,17.167372,7857.0,,30
19053084,19053114,30.86273,-91.26673,3.2624574,0.5528796,0.06,0.12,5.437429,16.312286,454.0,,30
19053090,19053116,30.858297,-91.19934,2.207439,0.6568691,0.06,0.12,3.679065,11.037195,765.0,,30
19052946,19052974,30.902248,-91.3725,3.4001052,0.54289085,0.06,0.12,5.666842,17.000526,1476.0,,30
19053032,19053048,30.877924,-91.335754,3.0786846,0.56720394,0.06,0.12,5.131141,15.393423,1119.0,,30
19085249,19085401,30.923952,-91.5752,3.0822787,0.56691206,0.06,0.12,5.137131,15.411393,418.0,,30
19052838,19052852,30.935127,-91.53538,4.904266,0.46188033,0.06,0.12,8.173776,24.521328,1381.0,,30
19052748,19052808,30.945099,-91.46321,6.397858,0.41076267,0.055,0.11,10.663096,31.98929,467.0,,30
19085421,19085411,30.914915,-91.60861,6.7831187,0.40030164,0.06,0.12,11.305198,33.915592,586.0,,30
19052926,19052952,30.905596,-91.266594,7.4875674,0.3832268,0.055,0.11,12.4792795,37.43784,690.0,,30
19053580,19052950,30.917622,-91.25435,6.8104854,0.39959118,0.055,0.11,11.350808,34.052425,4089.0,,30
19052932,19052976,30.90934,-91.38999,9.277412,0.34864905,0.055,0.11,15.462355,50.0,1330.0,,30
19053098,19053118,30.866102,-91.21937,9.513124,0.34481114,0.055,0.11,15.855207,50.0,3522.0,,30
19085409,19085411,30.917345,-91.616295,229.9654,0.08458328,0.04,0.08,383.27567,1149.827,1992.0,,30
19052674,19052924,30.968262,-91.28671,2.3776803,0.6356886,0.06,0.12,3.9628003,11.888401,3584.0,,31
19052694,19052744,30.963577,-91.444084,2.4362116,0.62890476,0.06,0.12,4.0603523,12.181058,4025.0,,31
19052914,19052926,30.916546,-91.27583,1.8171777,0.7157386,0.06,0.12,3.0286295,9.085889,3344.0,,31
19052936,19052946,30.915548,-91.36243,2.0364306,0.6806572,0.06,0.12,3.394051,10.182154,3359.0,,31
19053010,19053032,30.887568,-91.32082,2.83253,0.58844477,0.06,0.12,4.7208834,14.16265,4243.0,,31
19053080,19053084,30.867012,-91.28721,3.0584483,0.56885654,0.06,0.12,5.097414,15.292241,5109.0,,31
19053088,19053090,30.864086,-91.192245,1.8527211,0.70964795,0.06,0.12,3.0878685,9.263605,1596.0,,31
19053110,19053084,30.855322,-91.27222,1.726251,0.7321327,0.06,0.12,2.877085,8.631255,2249.0,,31
19053576,19053580,30.939894,-91.25513,1.8614732,0.70817405,0.06,0.12,3.1024554,9.307365,3023.0,,31
19052784,19052838,30.943584,-91.537544,2.487339,0.6231685,0.06,0.12,4.145565,12.436695,1492.0,,31
19052944,19052946,30.904242,-91.35432,3.0418534,0.5702236,0.06,0.12,5.0697556,15.209267,3887.0,,31
19053006,19053032,30.880781,-91.330376,1.5028137,0.77830184,0.06,0.12,2.5046895,7.5140686,433.0,,31
19085245,19085249,30.926266,-91.58481,2.9948962,0.57415086,0.06,0.12,4.9914937,14.974481,1857.0,,31
19052750,19052748,30.944601,-91.46704,2.0898283,0.6729289,0.06,0.12,3.483047,10.4491415,388.0,,31
19053012,19053098,30.879044,-91.20829,4.9391713,0.4604374,0.055,0.11,8.231953,30.0,3711.0,,31
19052902,19052932,30.921106,-91.38462,4.1969275,0.494734,0.06,0.12,6.9948792,20.984638,2580.0,,31
19052778,19052838,30.940302,-91.531334,4.575923,0.4762191,0.06,0.12,7.6265383,22.879614,360.0,,31
19052746,19052748,30.948914,-91.46993,6.3117514,0.41322553,0.055,0.11,10.519586,31.558756,1437.0,,31
19085423,19085421,30.912598,-91.609924,6.768999,0.4006698,0.06,0.12,11.281665,33.844994,17.0,,31
19085417,19085409,30.918652,-91.63112,3.145932,0.56182253,0.06,0.12,5.24322,15.72966,1054.0,,31
19052818,19053580,30.934471,-91.2461,6.6262436,0.40445536,0.055,0.11,11.043739,33.131218,1487.0,,31
19052940,19052926,30.90543,-91.28132,7.426572,0.38461226,0.055,0.11,12.37762,37.13286,3562.0,,31
19052904,19052932,30.917793,-91.3954,8.9505625,0.35420975,0.055,0.11,14.9176035,50.0,1119.0,,31
19053014,19053098,30.879591,-91.22237,8.9589405,0.35406357,0.055,0.11,14.931567,44.7947,625.0,,31
19085403,19085409,30.935993,-91.6495,229.96507,0.084583335,0.04,0.08,383.27512,1149.8254,6007.0,,31
19052734,19052784,30.967657,-91.549706,2.3456323,0.6395058,0.06,0.12,3.909387,11.728162,5080.0,,32
19052754,19052818,30.945812,-91.24336,1.7394915,0.72966886,0.06,0.12,2.8991525,8.697457,1921.0,,32
19052816,19052778,30.936188,-91.52204,1.4196522,0.79809636,0.06,0.12,2.3660872,7.0982614,1955.0,,32
19052834,19052902,30.940163,-91.38923,1.7981373,0.7190724,0.06,0.12,2.9968956,8.990686,3327.0,,32
19052890,19052944,30.927023,-91.351425,2.317496,0.6429196,0.06,0.12,3.8624935,11.587481,2283.0,,32
19053690,19053006,30.886114,-91.32874,1.3252325,0.8227011,0.06,0.12,2.2087207,6.6261625,808.0,,32
19085525,19085245,30.931223,-91.59796,2.718258,0.59923285,0.06,0.12,4.53043,13.5912895,1263.0,,32
19052866,19052904,30.925512,-91.39609,0.8254645,1.0137833,0.06,0.12,1.3757741,4.127322,806.0,,32
19052986,19053012,30.88945,-91.19379,2.0233657,0.6825927,0.06,0.12,3.3722763,10.116829,2409.0,,32
19052990,19053014,30.891302,-91.22134,2.3960657,0.633532,0.06,0.12,3.993443,11.980329,2702.0,,32
19053664,19052750,30.944841,-91.47063,2.0477014,0.67900187,0.06,0.12,3.4128354,10.238506,332.0,,32
19052702,19052746,30.959936,-91.469826,3.6685193,0.5249941,0.06,0.12,6.1141987,18.342596,2937.0,,32
19053004,19053012,30.880323,-91.18655,4.6183953,0.47428197,0.055,0.11,7.6973257,30.0,2042.0,,32
19052832,19052902,30.930681,-91.38188,3.8553815,0.5136122,0.06,0.12,6.425636,19.276907,240.0,,32
19052906,19052940,30.915236,-91.293365,4.025578,0.5039164,0.06,0.12,6.7092967,20.127892,1479.0,,32
19052772,19052778,30.943108,-91.530945,4.5200005,0.47880954,0.06,0.12,7.533334,22.600002,637.0,,32
19052710,19052746,30.9574,-91.47459,5.812293,0.42853108,0.055,0.11,9.687155,30.0,1908.0,,32
19085255,19085423,30.908003,-91.61548,6.768999,0.4006698,0.06,0.12,11.281665,33.844994,1848.0,,32
19085419,19085417,30.915016,-91.63473,2.9330373,0.579462,0.06,0.12,4.8883953,14.665186,7.0,,32
19052760,19052818,30.939571,-91.24924,6.559951,0.40625352,0.055,0.11,10.933251,32.799755,690.0,,32
19052900,19052940,30.921467,-91.29329,6.891574,0.39751002,0.055,0.11,11.485957,34.45787,2747.0,,32
19052864,19052904,30.926674,-91.395,8.920937,0.35472822,0.055,0.11,14.868228,50.0,957.0,,32
19052988,19053014,30.891954,-91.2179,8.878554,0.35547426,0.055,0.11,14.797591,44.392773,2328.0,,32
19085399,19085403,30.975103,-91.66336,229.96458,0.08458342,0.04,0.08,383.27432,1149.8229,3006.0,,32
19052622,19052702,30.975939,-91.459656,1.637643,0.74935216,0.06,0.12,2.729405,8.188214,2508.0,,33
19052666,19052710,30.967815,-91.47479,1.4100788,0.8004824,0.06,0.12,2.3501313,7.050394,2101.0,,33
19052756,19053664,30.94316,-91.48221,1.9809148,0.689008,0.06,0.12,3.3015246,9.904574,2642.0,,33
19052802,19052772,30.945293,-91.520515,2.0780904,0.67460316,0.06,0.12,3.463484,10.390451,2955.0,,33
19052822,19052900,30.934961,-91.29059,1.6004288,0.7569901,0.06,0.12,2.6673815,8.002144,2138.0,,33
19052826,19052832,30.939156,-91.37461,1.7324113,0.73098296,0.06,0.12,2.887352,8.662056,2393.0,,33
19052938,19052990,30.90691,-91.226494,1.8035319,0.71812266,0.06,0.12,3.0058866,9.017659,1797.0,,33
19052948,19052906,30.907774,-91.30313,1.8921746,0.70308155,0.06,0.12,3.1536243,9.460873,2281.0,,33
19052958,19052986,30.89906,-91.186134,1.432381,0.79495966,0.06,0.12,2.3873017,7.161905,1006.0,,33
19052968,19052988,30.900642,-91.19877,1.696474,0.7377745,0.06,0.12,2.8274567,8.48237,3037.0,,33
19053574,19052760,30.947271,-91.2578,1.4688624,0.7861878,0.06,0.12,2.448104,7.3443117,2293.0,,33
19052840,19052864,30.929453,-91.39794,1.9977136,0.68644583,0.06,0.12,3.3295226,9.988568,152.0,,33
19052624,19052702,30.971046,-91.46731,3.4069862,0.54240686,0.06,0.12,5.6783104,17.034931,570.0,,33
19053016,19053004,30.877184,-91.17725,3.576533,0.5309088,0.055,0.11,5.9608884,30.0,284.0,,33
19053002,19053004,30.88613,-91.17387,3.5269787,0.53418684,0.06,0.12,5.878298,17.634893,2651.0,,33
19052828,19052832,30.939274,-91.3696,3.7093444,0.52243704,0.06,0.12,6.182241,18.546722,3469.0,,33
19052894,19052906,30.916334,-91.30465,3.7886178,0.51758575,0.06,0.12,6.314363,18.943089,3401.0,,33
19052742,19052772,30.94848,-91.530304,4.324213,0.4882556,0.06,0.12,7.207021,21.621063,729.0,,33
19052672,19052710,30.962456,-91.48093,5.752644,0.43048576,0.055,0.11,9.58774,30.0,1670.0,,33
19085259,19085255,30.900389,-91.582596,6.752496,0.40110153,0.06,0.12,11.25416,33.762478,5874.0,,33
19085257,19085419,30.90062,-91.62488,2.9326882,0.5794924,0.06,0.12,4.887814,14.663442,3892.0,,33
19052824,19052900,30.937077,-91.29829,6.7843513,0.40026954,0.055,0.11,11.307253,33.921757,2270.0,,33
19053572,19052760,30.947422,-91.25156,6.5278983,0.40713236,0.055,0.11,10.879831,32.639492,1767.0,,33
19052830,19052864,30.935455,-91.400795,8.870598,0.3556149,0.055,0.11,14.78433,50.0,1330.0,,33
19052966,19052988,30.89911,-91.20644,8.821825,0.35648096,0.055,0.11,14.703042,44.109127,1564.0,,33
19269468,19085399,30.988024,-91.66013,229.96443,0.08458344,0.04,0.08,383.27408,1149.8221,153.0,,33
19052630,19052672,30.970964,-91.4898,1.9425884,0.6949725,0.06,0.12,3.2376475,9.712942,1907.0,,34
19052720,19052742,30.962252,-91.53667,1.973164,0.69020075,0.06,0.12,3.2886066,9.86582,3100.0,,34
19052728,19052828,30.952072,-91.37396,1.6026868,0.7565194,0.06,0.12,2.6711447,8.013433,2130.0,,34
19052736,19052824,30.952635,-91.29661,2.0219305,0.68280643,0.06,0.12,3.3698843,10.1096525,2106.0,,34
19052764,19052830,30.946283,-91.41245,1.6815398,0.7406581,0.06,0.12,2.8025663,8.407699,2561.0,,34
19052846,19052840,30.933115,-91.40784,1.9930475,0.68715435,0.06,0.12,3.3217459,9.965238,3143.0,,34
19052882,19052894,30.91939,-91.324295,2.167374,0.6621987,0.06,0.12,3.6122897,10.836869,2271.0,,34
19053570,19053572,30.96123,-91.24696,2.020733,0.6829849,0.06,0.12,3.3678885,10.103665,2902.0,,34
19052594,19052624,30.983568,-91.455315,2.2727659,0.64847153,0.06,0.12,3.7879431,11.36383,4568.0,,34
19052596,19052624,30.988066,-91.4621,2.9940028,0.57422644,0.06,0.12,4.9900045,14.970014,4490.0,,34
19052918,19052966,30.908197,-91.21901,1.9984484,0.68633443,0.06,0.12,3.3307474,9.992242,2735.0,,34
19052964,19053002,30.901098,-91.16905,2.233779,0.65344065,0.06,0.12,3.7229648,11.168895,1941.0,,34
19053072,19053016,30.869741,-91.17959,2.5060942,0.6211067,0.06,0.12,4.1768236,12.530472,1985.0,,34
19053018,19053016,30.877554,-91.1734,3.0813282,0.5669892,0.06,0.12,5.1355467,15.406641,697.0,,34
19052962,19053002,30.898926,-91.16374,2.8992927,0.58242774,0.06,0.12,4.8321548,14.496464,1795.0,,34
19052726,19052828,30.949217,-91.36432,3.1949143,0.55800605,0.06,0.12,5.324857,15.974571,254.0,,34
19052870,19052894,30.924524,-91.31649,3.2162452,0.5563703,0.06,0.12,5.3604083,16.081224,1086.0,,34
19052722,19052742,30.952415,-91.528404,4.157244,0.49681193,0.06,0.12,6.9287405,20.78622,685.0,,34
19052620,19052672,30.976784,-91.47908,5.5966897,0.43573737,0.055,0.11,9.327816,30.0,2626.0,,34
19085431,19085259,30.863506,-91.55832,6.2073894,0.41627628,0.06,0.12,10.34565,31.036947,4435.0,,34
19052696,19053572,30.953033,-91.253876,6.422606,0.41006362,0.055,0.11,10.704344,32.11303,304.0,,34
19052738,19052824,30.946901,-91.30389,6.62414,0.40451205,0.055,0.11,11.040233,33.120697,818.0,,34
19052762,19052830,30.948843,-91.39593,8.818258,0.35654455,0.055,0.11,14.697098,50.0,2161.0,,34
19052916,19052966,30.91173,-91.206245,8.761823,0.35755593,0.055,0.11,14.603037,43.809113,1606.0,,34
19269466,19269468,30.995188,-91.64857,229.96443,0.08458344,0.04,0.08,383.27405,1149.8221,2638.0,,34
19051888,19052594,31.005798,-91.44575,1.5985426,0.757384,0.06,0.12,2.6642375,7.9927125,1848.0,,35
19051890,19052596,31.01456,-91.45174,2.509561,0.62072796,0.06,0.12,4.182602,12.547805,4282.0,,35
19052686,19052696,30.959461,-91.262436,1.6227357,0.75238144,0.06,0.12,2.7045596,8.113679,2087.0,,35
19052700,19052722,30.968655,-91.53478,1.9371408,0.6958341,0.06,0.12,3.228568,9.685704,3576.0,,35
19052716,19052738,30.961458,-91.29982,2.019534,0.68316376,0.06,0.12,3.3658903,10.097671,4043.0,,35
19052844,19052870,30.935678,-91.33114,2.203597,0.65737414,0.06,0.12,3.672662,11.017985,3785.0,,35
19052880,19052918,30.91935,-91.22605,1.333874,0.8203454,0.06,0.12,2.2231233,6.66937,663.0,,35
19052912,19052964,30.914705,-91.17029,1.5712771,0.76315427,0.06,0.12,2.6187954,7.8563857,1517.0,,35
19052922,19052962,30.913368,-91.15319,2.040201,0.680102,0.06,0.12,3.400335,10.201005,3211.0,,35
19053096,19053072,30.859371,-91.16904,1.6175841,0.75343764,0.06,0.12,2.6959734,8.08792,1471.0,,35
19053108,19053072,30.85655,-91.17796,1.6260308,0.7517084,0.06,0.12,2.7100513,8.130154,1609.0,,35
19053560,19052620,30.989794,-91.501236,2.2856658,0.64685434,0.06,0.12,3.809443,11.428329,3517.0,,35
19052714,19052726,30.95872,-91.370804,2.1835713,0.66002715,0.06,0.12,3.6392856,10.917857,2398.0,,35
19053008,19053018,30.879826,-91.159584,2.5155272,0.620078,0.06,0.12,4.1925454,12.577637,2656.0,,35
19053030,19053018,30.875875,-91.167015,2.2390928,0.65275604,0.06,0.12,3.7318213,11.195464,743.0,,35
19052688,19052762,30.972853,-91.39218,3.7470043,0.52011395,0.06,0.12,6.245007,18.735022,5324.0,,35
19052930,19052962,30.90246,-91.15419,1.8168831,0.7157898,0.06,0.12,3.0281386,9.084415,998.0,,35
19052712,19052726,30.951319,-91.36362,2.7835662,0.5929891,0.06,0.12,4.639277,13.917831,389.0,,35
19052842,19052870,30.9303,-91.32073,2.6989894,0.6011165,0.06,0.12,4.4983153,13.4949465,1232.0,,35
19052874,19052916,30.91891,-91.20972,3.6675398,0.5250559,0.06,0.12,6.1125665,18.3377,513.0,,35
19085437,19085431,30.84427,-91.575714,5.5516596,0.4372931,0.06,0.12,9.252766,27.758297,3735.0,,35
19052698,19052722,30.95766,-91.52617,3.9584715,0.5076675,0.06,0.12,6.5974526,19.792358,1277.0,,35
19052566,19052620,30.985472,-91.48799,5.35074,0.44446278,0.055,0.11,8.9179,30.0,864.0,,35
19085439,19085431,30.84187,-91.55858,3.5051453,0.5356523,0.06,0.12,5.8419085,17.525726,478.0,,35
19052684,19052696,30.95977,-91.25521,6.381444,0.41122845,0.055,0.11,10.63574,31.90722,1648.0,,35
19052718,19052738,30.955734,-91.31033,6.5444646,0.40667737,0.055,0.11,10.907441,32.722324,1948.0,,35
19052690,19052762,30.956528,-91.40182,8.528825,0.3618329,0.055,0.11,14.214708,50.0,138.0,,35
19052878,19052916,30.91798,-91.20374,8.484516,0.36266533,0.055,0.11,14.140861,42.42258,859.0,,35
19269180,19269466,31.00054,-91.63567,229.96434,0.084583454,0.04,0.08,383.2739,1149.8218,149.0,,35
19052562,19052688,30.990454,-91.37391,1.6565312,0.74557054,0.06,0.12,2.7608855,8.282657,2153.0,,36
19052662,19052698,30.965588,-91.51501,1.9719083,0.6903946,0.06,0.12,3.2865138,9.859541,2208.0,,36
19052770,19052712,30.945845,-91.35522,1.8088953,0.7171825,0.06,0.12,3.0148256,9.0444765,2136.0,,36
19052896,19052878,30.91368,-91.19129,2.1421998,0.6656207,0.06,0.12,3.570333,10.7109995,3293.0,,36
19052992,19053008,30.884094,-91.14531,1.8413081,0.71158516,0.06,0.12,3.0688467,9.20654,1972.0,,36
19053078,19053030,30.869478,-91.156975,1.6883599,0.73933667,0.06,0.12,2.8139331,8.441799,2074.0,,36
19053086,19053030,30.866592,-91.161705,1.7038463,0.7363644,0.06,0.12,2.8397439,8.519232,1712.0,,36
19053682,19052714,30.968988,-91.36968,1.1893,0.8629342,0.06,0.12,1.9821666,5.9465,371.0,,36
19052564,19052688,30.983503,-91.369736,2.9255776,0.58011335,0.06,0.12,4.8759627,14.627888,1202.0,,36
19052642,19052718,30.977055,-91.3094,2.8252964,0.58910894,0.06,0.12,4.7088275,14.126482,3843.0,,36
19052792,19052842,30.948332,-91.32596,2.2683704,0.6490256,0.06,0.12,3.7806172,11.341851,3644.0,,36
19052860,19052874,30.931585,-91.21623,2.3182306,0.6428297,0.06,0.12,3.8637176,11.591153,3592.0,,36
19052928,19052930,30.903976,-91.14818,1.4812242,0.7832864,0.06,0.12,2.468707,7.406121,327.0,,36
19053568,19052684,30.97536,-91.24459,2.3004773,0.64501363,0.06,0.12,3.8341289,11.502387,3419.0,,36
19085429,19085437,30.84848,-91.59662,3.5677307,0.5314863,0.06,0.12,5.946218,17.838654,516.0,,36
19052678,19052690,30.957844,-91.40495,2.4306984,0.6295337,0.06,0.12,4.051164,12.153492,670.0,,36
19052704,19052712,30.953678,-91.360695,2.4650507,0.6256481,0.06,0.12,4.108418,12.3252535,503.0,,36
19052794,19052842,30.935007,-91.32199,1.7762381,0.7229702,0.06,0.12,2.960397,8.88119,49.0,,36
19052858,19052874,30.930134,-91.20681,3.2995877,0.5501261,0.06,0.12,5.499313,16.497938,2871.0,,36
19085433,19085437,30.845793,-91.60175,4.7160277,0.46992487,0.06,0.12,7.8600464,23.58014,1353.0,,36
19052534,19052566,30.994522,-91.49168,3.54783,0.5327995,0.06,0.12,5.91305,17.73915,1842.0,,36
19052664,19052698,30.964134,-91.524155,3.7079434,0.5225241,0.06,0.12,6.179906,18.539717,607.0,,36
19269178,19269180,31.00072,-91.63229,4.2508826,0.49195373,0.06,0.12,7.084804,21.254412,522.0,,36
19052532,19052566,30.995705,-91.48603,4.7202325,0.46974012,0.055,0.11,7.8670545,30.0,1672.0,,36
19085443,19085439,30.832829,-91.56922,3.4684937,0.53814214,0.06,0.12,5.780823,17.342468,2712.0,,36
19052626,19052684,30.967949,-91.25267,6.2347,0.41547084,0.055,0.11,10.391167,31.1735,552.0,,36
19052644,19052718,30.966438,-91.31747,6.258818,0.41476375,0.055,0.11,10.431363,31.29409,1158.0,,36
19052676,19052690,30.964933,-91.405716,8.455773,0.36320868,0.055,0.11,14.092956,50.0,2044.0,,36
19052872,19052878,30.925137,-91.19738,8.421095,0.3638678,0.055,0.11,14.035158,42.105476,1408.0,,36
19269176,19269180,31.017548,-91.590195,229.96371,0.08458356,0.04,0.08,383.27286,1149.8186,9693.0,,36
19052524,19052642,30.992746,-91.29473,2.0274215,0.6819899,0.06,0.12,3.3790357,10.137108,1262.0,,37
19052536,19053568,30.990522,-91.23771,1.440284,0.7930323,0.06,0.12,2.4004734,7.2014203,1187.0,,37
19052608,19052676,30.981417,-91.42869,2.9824526,0.57520646,0.06,0.12,4.9707546,14.912264,5506.0,,37
19052640,19052664,30.98243,-91.53155,2.0214517,0.6828778,0.06,0.12,3.3690863,10.107259,4099.0,,37
19052724,19052678,30.953367,-91.41472,1.5716676,0.76307064,0.06,0.12,2.619446,7.858338,2332.0,,37
19052758,19052860,30.943707,-91.22847,1.5300101,0.7721678,0.06,0.12,2.5500169,7.6500506,1355.0,,37
19053678,19052564,30.98962,-91.36362,2.859159,0.5860205,0.06,0.12,4.765265,14.295795,1089.0,,37
19053684,19052792,30.95922,-91.33964,0.7928972,1.0319475,0.06,0.12,1.3214954,3.9644861,250.0,,37
19053688,19052928,30.906446,-91.14688,1.3622657,0.8127581,0.06,0.12,2.270443,6.8113284,273.0,,37
19085261,19085429,30.857481,-91.60103,3.5410674,0.5332482,0.06,0.12,5.901779,17.705338,2717.0,,37
19052600,19052626,30.972498,-91.25343,2.380996,0.63529783,0.06,0.12,3.9683268,11.904981,491.0,,37
19052612,19052644,30.971539,-91.32287,2.5878944,0.6123675,0.06,0.12,4.3131576,12.939473,548.0,,37
19052680,19052678,30.958275,-91.41504,2.113367,0.66961193,0.06,0.12,3.5222783,10.566834,1780.0,,37
19052682,19052704,30.963099,-91.35703,2.4291906,0.629706,0.06,0.12,4.048651,12.145953,1840.0,,37
19052766,19052858,30.949677,-91.215294,2.385519,0.63476616,0.06,0.12,3.9758651,11.927595,4210.0,,37
19052768,19052858,30.951092,-91.223274,2.5976436,0.6113525,0.06,0.12,4.329406,12.988218,5235.0,,37
19052790,19052794,30.93923,-91.326225,1.774081,0.7233579,0.06,0.12,2.9568017,8.870404,1375.0,,37
19052820,19052872,30.931292,-91.18417,2.4697669,0.6251207,0.06,0.12,4.116278,12.348835,3137.0,,37
19085441,19085433,30.842653,-91.61292,3.8222826,0.5155696,0.06,0.12,6.370471,19.111412,912.0,,37
19085435,19085433,30.844135,-91.61091,3.5233173,0.5344317,0.06,0.12,5.8721957,17.616587,480.0,,37
19085445,19085443,30.82299,-91.57882,2.0927427,0.6725153,0.06,0.12,3.4879045,10.463714,304.0,,37
19051894,19052534,31.002167,-91.49405,3.4506037,0.53937125,0.06,0.12,5.751006,17.25302,489.0,,37
19052638,19052664,30.967667,-91.52362,3.457038,0.53892815,0.06,0.12,5.7617297,17.285189,416.0,,37
19269464,19269178,30.99935,-91.62885,4.239538,0.49253407,0.06,0.12,7.065897,21.197691,251.0,,37
19051892,19052532,31.002829,-91.48402,4.586881,0.47571683,0.055,0.11,7.644802,30.0,804.0,,37
19085447,19085443,30.822826,-91.579956,2.4397073,0.6285071,0.06,0.12,4.066179,12.198536,410.0,,37
19269172,19269176,31.053738,-91.55753,3.9069533,0.51061004,0.06,0.12,6.511589,19.534767,529.0,,37
19052610,19052644,30.978521,-91.321045,6.0546427,0.42087722,0.055,0.11,10.091071,30.273212,2019.0,,37
19053566,19052626,30.975271,-91.251335,6.100376,0.41948226,0.055,0.11,10.167294,30.50188,1210.0,,37
19052604,19052676,30.978546,-91.405624,8.283715,0.36651784,0.055,0.11,13.806191,50.0,2182.0,,37
19052812,19052872,30.93265,-91.19091,8.297822,0.3662428,0.055,0.11,13.829703,41.489113,896.0,,37
19269174,19269176,31.061615,-91.56127,229.9626,0.08458374,0.04,0.08,383.27103,1149.813,2106.0,,37
19051844,19051892,31.011488,-91.474754,1.7141308,0.734412,0.06,0.12,2.8568847,8.570654,2248.0,,38
19051952,19051894,31.01161,-91.49568,2.250037,0.65135336,0.06,0.12,3.7500618,11.250185,1896.0,,38
19052580,19052600,30.977365,-91.26645,2.010135,0.6845712,0.06,0.12,3.350225,10.050675,3287.0,,38
19052588,19052768,30.975824,-91.22576,1.4639503,0.78735054,0.06,0.12,2.439917,7.3197513,1539.0,,38
19052598,19052612,30.977106,-91.33371,1.7184082,0.73360497,0.06,0.12,2.8640137,8.592041,2238.0,,38
19052602,19052600,30.971127,-91.26385,1.5129662,0.7759934,0.06,0.12,2.5216103,7.564831,2000.0,,38
19052616,19052612,30.969044,-91.33897,2.2498426,0.6513782,0.06,0.12,3.7497375,11.249212,3431.0,,38
19052632,19052766,30.968618,-91.21885,1.4803479,0.7834909,0.06,0.12,2.4672463,7.401739,999.0,,38
19052668,19052680,30.962112,-91.429695,1.6900566,0.73900914,0.06,0.12,2.8167608,8.450283,1725.0,,38
19052856,19052820,30.922796,-91.16511,1.9423298,0.69501334,0.06,0.12,3.2372162,9.711649,1972.0,,38
19053680,19052682,30.972652,-91.35697,1.1946414,0.86122984,0.06,0.12,1.991069,5.9732065,482.0,,38
19053686,19052790,30.945505,-91.33236,1.5551047,0.76664555,0.06,0.12,2.5918412,7.7755237,522.0,,38
25732018,19085441,30.852684,-91.65872,3.7772663,0.51827145,0.06,0.12,6.2954435,18.886332,9277.0,,38
19085263,19085435,30.85206,-91.6153,3.5016866,0.53588563,0.06,0.12,5.8361444,17.508432,1506.0,,38
19085271,19085445,30.816996,-91.57711,2.0491016,0.67879707,0.06,0.12,3.4151695,10.245508,1543.0,,38
19051856,19051894,31.016598,-91.492966,3.0351224,0.5707812,0.06,0.12,5.0585375,15.175612,3590.0,,38
19052540,19052610,30.988693,-91.32748,3.0462887,0.56985724,0.06,0.12,5.077148,15.231443,1492.0,,38
19052628,19052638,30.972506,-91.52147,3.2085469,0.55695885,0.06,0.12,5.347578,16.042734,1141.0,,38
19052634,19052638,30.969429,-91.51682,1.9615526,0.6920002,0.06,0.12,3.2692542,9.807763,1330.0,,38
19052544,19052604,30.987827,-91.40131,3.2573433,0.55326235,0.06,0.12,5.4289055,16.286716,192.0,,38
19052780,19052812,30.940914,-91.17397,4.7848344,0.4669315,0.06,0.12,7.9747243,23.924173,4135.0,,38
19053562,19053566,30.9806,-91.25097,3.8902907,0.51157373,0.06,0.12,6.483818,19.451454,643.0,,38
19052520,19269464,30.998278,-91.59204,4.2271056,0.49317265,0.06,0.12,7.045176,21.135529,6989.0,,38
19051842,19051892,31.012146,-91.486275,4.47,0.48116508,0.055,0.11,7.4499993,30.0,1811.0,,38
19085267,19085447,30.820292,-91.57979,2.358482,0.6379663,0.06,0.12,3.9308033,11.79241,150.0,,38
19269060,19269172,31.053297,-91.55394,3.8821435,0.5120471,0.06,0.12,6.470239,19.410717,271.0,,38
19052546,19052610,30.992844,-91.32245,5.6854067,0.43272445,0.055,0.11,9.4756775,30.0,2622.0,,38
19053564,19053566,30.993187,-91.250854,5.471495,0.44010818,0.055,0.11,9.119159,30.0,3363.0,,38
19052542,19052604,30.991611,-91.39369,8.041976,0.37133825,0.055,0.11,13.403294,50.0,1957.0,,38
19052776,19052812,30.940258,-91.190544,7.683279,0.3788891,0.055,0.11,12.805465,38.416393,1513.0,,38
19105659,19269174,31.071754,-91.56729,5.488737,0.4394977,0.055,0.11,9.147895,30.0,587.0,,38
19269170,19269174,31.07682,-91.57767,229.96118,0.08458397,0.04,0.08,383.26865,1149.8059,2603.0,,38
19051948,19051856,31.038877,-91.499504,1.7340254,0.7306827,0.06,0.12,2.8900423,8.670127,2419.0,,39
19052518,19052540,30.99604,-91.34287,1.9462038,0.69440264,0.06,0.12,3.243673,9.731019,2336.0,,39
19052538,19052544,30.990374,-91.412346,1.4300404,0.7955334,0.06,0.12,2.3834007,7.150202,2295.0,,39
19052554,19053562,30.991186,-91.26913,2.6294944,0.60807437,0.06,0.12,4.3824906,13.147472,4535.0,,39
19052574,19052628,30.984306,-91.517784,1.8450323,0.71095115,0.06,0.12,3.075054,9.225162,2082.0,,39
19085527,19085263,30.856201,-91.62109,3.2881708,0.550968,0.06,0.12,5.4802847,16.440853,155.0,,39
19085529,19085271,30.80494,-91.57156,1.7597766,0.72594607,0.06,0.12,2.932961,8.798883,1415.0,,39
19269058,19269060,31.059608,-91.54701,1.6285847,0.7511881,0.06,0.12,2.7143078,8.142923,2332.0,,39
19051790,19051842,31.020855,-91.47859,2.831908,0.5885018,0.06,0.12,4.7198467,14.159539,1470.0,,39
19051950,19051856,31.029957,-91.50206,2.3071659,0.644188,0.06,0.12,3.8452764,11.53583,557.0,,39
19052516,19052540,30.997007,-91.334435,2.4461737,0.6277735,0.06,0.12,4.0769563,12.230868,969.0,,39
19052576,19052628,30.977327,-91.521935,2.923941,0.5802566,0.06,0.12,4.8732347,14.619704,272.0,,39
19052732,19052776,30.952183,-91.20248,1.808301,0.7172865,0.06,0.12,3.013835,9.041505,2382.0,,39
19052782,19052780,30.93684,-91.15089,2.7660863,0.5946394,0.06,0.12,4.6101437,13.830431,3541.0,,39
19053712,19052634,30.972536,-91.511986,1.7398119,0.72960955,0.06,0.12,2.8996866,8.6990595,28.0,,39
19052530,19052544,30.988813,-91.401886,3.1535254,0.5612253,0.06,0.12,5.2558756,15.767627,89.0,,39
19052552,19053562,30.988499,-91.25332,3.408116,0.5423275,0.06,0.12,5.6801934,17.04058,1727.0,,39
19052708,19052780,30.954618,-91.145226,4.1491356,0.49724004,0.06,0.12,6.915226,20.745678,3636.0,,39
19051898,19052520,31.000528,-91.55865,3.9055536,0.5106908,0.06,0.12,6.509256,19.527767,315.0,,39
19269166,19269170,31.087912,-91.59025,2.8251712,0.58912045,0.06,0.12,4.708619,14.125856,908.0,,39
19051792,19051842,31.022173,-91.48488,3.923281,0.50967145,0.06,0.12,6.5388017,19.616405,1144.0,,39
19085449,19085267,30.819214,-91.58385,2.3518956,0.6387539,0.06,0.12,3.919826,11.759479,760.0,,39
19269064,19269060,31.051533,-91.55225,3.7717083,0.5186083,0.06,0.12,6.2861805,18.858541,896.0,,39
19051862,19053564,31.002127,-91.24755,5.3629465,0.4440162,0.055,0.11,8.938244,30.0,495.0,,39
19051874,19052546,31.000732,-91.31707,5.568993,0.4366921,0.055,0.11,9.281655,30.0,129.0,,39
19051878,19052542,31.003822,-91.39462,7.9793715,0.3726208,0.055,0.11,13.298953,50.0,902.0,,39
19052730,19052776,30.951588,-91.19343,7.5987124,0.38074365,0.055,0.11,12.664521,37.993565,1441.0,,39
19105657,19105659,31.073803,-91.56572,5.477139,0.43990806,0.055,0.11,9.128565,30.0,14.0,,39
19269168,19269170,31.087389,-91.59146,229.9609,0.08458401,0.04,0.08,383.26816,1149.8044,941.0,,39
19051738,19051950,31.042015,-91.50868,1.7391708,0.72972816,0.06,0.12,2.898618,8.695854,3487.0,,40
19051740,19051950,31.036627,-91.509705,1.829756,0.7135637,0.06,0.12,3.0495934,9.148781,1871.0,,40
19051758,19051790,31.032185,-91.468994,1.9030045,0.7013135,0.06,0.12,3.1716743,9.515022,2152.0,,40
19051780,19051790,31.025951,-91.46043,2.3470669,0.6393333,0.06,0.12,3.911778,11.735333,3645.0,,40
19051868,19051874,31.010153,-91.32055,1.8970629,0.7022817,0.06,0.12,3.1617715,9.485314,2417.0,,40
19051876,19052516,31.010462,-91.34011,2.3293755,0.641471,0.06,0.12,3.8822925,11.646877,2544.0,,40
19051884,19051898,31.015059,-91.5578,2.8035035,0.5911249,0.06,0.12,4.672506,14.017518,4751.0,,40
19051944,19051792,31.046589,-91.486565,2.3729527,0.636247,0.06,0.12,3.9549212,11.864763,5288.0,,40
19051954,19051862,31.00847,-91.252174,1.3529301,0.81522757,0.06,0.12,2.2548833,6.7646503,1720.0,,40
19052526,19052530,30.9919,-91.414154,1.9841478,0.68851244,0.06,0.12,3.306913,9.920739,3115.0,,40
19052568,19052576,30.988955,-91.52257,1.7021763,0.7366831,0.06,0.12,2.8369606,8.510881,2552.0,,40
19052570,19052576,30.988548,-91.52885,2.694336,0.6015743,0.06,0.12,4.4905596,13.47168,3459.0,,40
19052606,19053712,30.975965,-91.50746,1.7324113,0.73098296,0.06,0.12,2.887352,8.662056,1253.0,,40
19052656,19052732,30.964521,-91.209045,1.2419907,0.8465871,0.06,0.12,2.0699844,6.2099533,1339.0,,40
19052774,19052782,30.936533,-91.12934,1.770371,0.72402626,0.06,0.12,2.9506183,8.851855,1268.0,,40
19269070,19269064,31.04188,-91.550285,1.6131428,0.7543521,0.06,0.12,2.6885715,8.065715,1844.0,,40
19052514,19052552,30.996696,-91.26174,3.1393223,0.56234413,0.06,0.12,5.232204,15.696611,1097.0,,40
19052528,19052530,30.994,-91.40097,2.8509507,0.58676434,0.06,0.12,4.7515845,14.254754,1880.0,,40
19052646,19052708,30.971235,-91.1253,2.8028688,0.59118396,0.06,0.12,4.6714478,14.014344,3325.0,,40
19052512,19052552,30.99699,-91.25866,1.8224635,0.714822,0.06,0.12,3.0374393,9.112318,753.0,,40
19052652,19052708,30.960295,-91.129776,2.9880702,0.57472914,0.06,0.12,4.9801173,14.9403515,180.0,,40
19051882,19051898,31.00305,-91.55712,3.3053136,0.54970545,0.06,0.12,5.5088563,16.526567,389.0,,40
19052670,19052730,30.96005,-91.18197,3.7881935,0.5176114,0.06,0.12,6.3136554,18.940968,3758.0,,40
19269040,19269166,31.09669,-91.59252,2.7646525,0.59477544,0.06,0.12,4.607754,13.823262,1382.0,,40
19051756,19051792,31.036287,-91.474464,3.5497575,0.5326718,0.06,0.12,5.9162626,17.748789,4304.0,,40
19085269,19085449,30.81867,-91.58795,2.290373,0.6462675,0.06,0.12,3.8172886,11.451866,56.0,,40
19269066,19269064,31.047796,-91.54315,3.6441133,0.52654237,0.06,0.12,6.073522,18.220566,1477.0,,40
19051832,19051862,31.01144,-91.242325,5.3205714,0.44557288,0.055,0.11,8.867619,30.0,2651.0,,40
19051870,19051874,31.002941,-91.314156,5.4810796,0.4397685,0.055,0.11,9.135133,30.0,820.0,,40
19051826,19051878,31.011612,-91.40134,6.083438,0.41999713,0.055,0.11,10.139064,30.41719,1416.0,,40
19051824,19051878,31.009258,-91.38719,6.4908147,0.40815693,0.055,0.11,10.818025,32.45407,2093.0,,40
19052660,19052730,30.966457,-91.19256,7.22399,0.38933387,0.055,0.11,12.039984,36.11995,2023.0,,40
19105519,19105657,31.087637,-91.56878,5.4748898,0.43998778,0.055,0.11,9.124816,30.0,3119.0,,40
19269940,19269168,31.10843,-91.6197,229.96089,0.08458401,0.04,0.08,383.26816,1149.8044,6464.0,,40
19051800,19051826,31.01732,-91.42055,1.7666459,0.72469944,0.06,0.12,2.9444098,8.833229,3186.0,,41
19051860,19051882,31.011972,-91.549965,1.6767335,0.741594,0.06,0.12,2.794556,8.383668,2197.0,,41
19051866,19052514,31.022238,-91.27149,3.0503883,0.5695192,0.06,0.12,5.0839806,15.251942,6687.0,,41
19051880,19052528,31.006626,-91.422775,2.6306438,0.6079571,0.06,0.12,4.3844066,13.153219,6327.0,,41
19051940,19051756,31.060034,-91.49403,2.0623136,0.6768751,0.06,0.12,3.4371893,10.311568,3615.0,,41
19052560,19052646,30.980066,-91.11299,1.5091745,0.7768529,0.06,0.12,2.515291,7.5458727,422.0,,41
19052592,19052660,30.975298,-91.20245,2.2240717,0.65469736,0.06,0.12,3.7067864,11.120359,3258.0,,41
19052706,19052652,30.952904,-91.12146,2.2001486,0.6578285,0.06,0.12,3.6669145,11.000743,2408.0,,41
19269068,19269066,31.045572,-91.52741,2.1646514,0.66256607,0.06,0.12,3.607752,10.8232565,2781.0,,41
19051772,19051832,31.032516,-91.22802,3.4573758,0.5389049,0.06,0.12,5.7622933,17.286879,3940.0,,41
19051796,19051824,31.017473,-91.38399,2.310496,0.6437782,0.06,0.12,3.8508267,11.552481,1593.0,,41
19051864,19052512,31.006374,-91.25689,1.7128105,0.7346617,0.06,0.12,2.854684,8.564053,1469.0,,41
19052614,19052670,30.97398,-91.166664,2.235553,0.65321183,0.06,0.12,3.7259216,11.177765,2392.0,,41
19052650,19052652,30.960938,-91.12504,2.4983392,0.62195647,0.06,0.12,4.163899,12.491696,938.0,,41
19051872,19051882,31.006823,-91.5487,3.132276,0.56290185,0.06,0.12,5.22046,15.66138,2377.0,,41
19052618,19052670,30.96952,-91.14055,3.1139553,0.56436056,0.06,0.12,5.1899257,15.569777,6294.0,,41
19105493,19105519,31.099142,-91.56288,2.6090744,0.6101694,0.06,0.12,4.3484573,13.045372,1029.0,,41
19269164,19269040,31.108177,-91.59806,2.7013102,0.6008886,0.06,0.12,4.5021834,13.506551,1415.0,,41
19051680,19051756,31.051788,-91.481255,2.7479935,0.5963635,0.06,0.12,4.579989,13.739967,299.0,,41
19051836,19051870,31.007053,-91.31142,3.52291,0.53445894,0.06,0.12,5.8715167,17.61455,600.0,,41
19085451,19085269,30.820992,-91.59229,2.284722,0.6469722,0.06,0.12,3.8078701,11.423611,1070.0,,41
19269062,19269066,31.051437,-91.53676,3.1007547,0.56541926,0.06,0.12,5.1679244,15.503774,290.0,,41
19269162,19269940,31.138855,-91.62169,3.7916574,0.5174027,0.06,0.12,6.319429,18.958286,513.0,,41
19051774,19051832,31.026281,-91.241554,4.542689,0.477753,0.055,0.11,7.5711484,30.0,1957.0,,41
19051834,19051870,31.011496,-91.29242,4.8869324,0.46260235,0.06,0.12,8.144888,24.434662,4801.0,,41
19051798,19051826,31.019146,-91.40846,5.975746,0.42331973,0.055,0.11,9.959578,30.0,941.0,,41
19051802,19051824,31.017445,-91.37896,6.300754,0.41354358,0.055,0.11,10.501257,31.503769,1700.0,,41
19052590,19052660,30.97158,-91.19072,7.088495,0.39259976,0.055,0.11,11.8141575,35.442474,361.0,,41
19105481,19105519,31.101654,-91.56832,4.828423,0.46506715,0.06,0.12,8.047372,24.142115,642.0,,41
19269160,19269940,31.15978,-91.59909,229.96004,0.084584154,0.04,0.08,383.26672,1149.8002,6941.0,,41
19051662,19051680,31.061737,-91.47344,1.6579399,0.745291,0.06,0.12,2.7632332,8.2897,2588.0,,42
19051694,19051772,31.062424,-91.21107,2.663841,0.6046029,0.06,0.12,4.439735,13.319205,5263.0,,42
19051696,19051772,31.046907,-91.210175,1.7337028,0.7307427,0.06,0.12,2.8895047,8.668513,1950.0,,42
19051728,19051834,31.038383,-91.28371,1.7035127,0.7364281,0.06,0.12,2.8391876,8.517563,2117.0,,42
19051760,19051796,31.030214,-91.38904,1.3070554,0.8277292,0.06,0.12,2.1784256,6.535277,1722.0,,42
19051762,19051796,31.036905,-91.397194,2.044895,0.6794128,0.06,0.12,3.4081583,10.224475,3949.0,,42
19051770,19051798,31.026646,-91.41469,1.6252997,0.7518576,0.06,0.12,2.7088327,8.126498,1791.0,,42
19051808,19051802,31.017927,-91.36956,1.613514,0.75427556,0.06,0.12,2.68919,8.06757,1596.0,,42
19051814,19051836,31.028004,-91.30564,2.4246564,0.6302253,0.06,0.12,4.041094,12.1232815,4950.0,,42
19051820,19051872,31.017462,-91.52822,2.4107838,0.6318227,0.06,0.12,4.017973,12.053918,4094.0,,42
19051946,19051774,31.036888,-91.25266,1.5040901,0.7780104,0.06,0.12,2.5068169,7.52045,1898.0,,42
19051962,19051864,31.014048,-91.25922,1.4023281,0.8024313,0.06,0.12,2.3372135,7.0116405,366.0,,42
19052550,19052614,30.986128,-91.15692,1.673284,0.7422681,0.06,0.12,2.7888067,8.366421,1145.0,,42
19052648,19052650,30.969788,-91.11667,1.7104952,0.73510027,0.06,0.12,2.8508253,8.552476,2543.0,,42
19052654,19052650,30.959732,-91.11378,2.065304,0.67644256,0.06,0.12,3.4421732,10.32652,2041.0,,42
19105447,19105481,31.11237,-91.5753,2.6435077,0.6066502,0.06,0.12,4.4058466,13.217539,2645.0,,42
19105491,19105493,31.099237,-91.55608,1.2395201,0.84733117,0.06,0.12,2.0658667,6.1976004,735.0,,42
19269056,19269062,31.06178,-91.53712,1.4829739,0.7828785,0.06,0.12,2.4716232,7.4148693,2218.0,,42
19051822,19051872,31.013382,-91.54171,2.2347648,0.65331346,0.06,0.12,3.724608,11.173824,825.0,,42
19052506,19052618,30.998137,-91.13779,1.6859789,0.7397971,0.06,0.12,2.809965,8.429894,523.0,,42
19105495,19105493,31.09662,-91.55731,2.3527877,0.638647,0.06,0.12,3.921313,11.763939,180.0,,42
19269038,19269164,31.118237,-91.601326,2.6276245,0.6082652,0.06,0.12,4.3793745,13.1381235,887.0,,42
19051664,19051680,31.05574,-91.48282,2.5041995,0.621314,0.06,0.12,4.1736655,12.520997,676.0,,42
19051816,19051836,31.013521,-91.31397,3.052434,0.5693508,0.06,0.12,5.08739,15.26217,1337.0,,42
19085265,19085451,30.828917,-91.60866,1.7908952,0.7203538,0.06,0.12,2.9848254,8.954476,2666.0,,42
19269034,19269162,31.150087,-91.62511,3.7729924,0.51853037,0.06,0.12,6.2883205,18.864962,2589.0,,42
19269054,19269062,31.054308,-91.53423,2.9659307,0.5766179,0.06,0.12,4.9432178,14.829653,614.0,,42
19051718,19051774,31.035717,-91.24384,4.29302,0.4898176,0.055,0.11,7.1550326,30.0,518.0,,42
19051730,19051834,31.039768,-91.29541,4.4496403,0.48213512,0.06,0.12,7.416067,22.248201,2529.0,,42
19052572,19052590,30.975561,-91.18646,4.014292,0.5045409,0.06,0.12,6.690486,20.071457,1219.0,,42
19051768,19051798,31.031004,-91.41209,5.9063888,0.42550564,0.055,0.11,9.843982,30.0,2322.0,,42
19051776,19051802,31.022762,-91.373695,6.212865,0.4161144,0.055,0.11,10.354774,31.064325,125.0,,42
19052578,19052590,30.98377,-91.180214,6.602597,0.4050938,0.055,0.11,11.004329,33.012985,4114.0,,42
19105445,19105481,31.115345,-91.56143,4.4391065,0.48263952,0.06,0.12,7.398511,22.195532,3725.0,,42
19269150,19269160,31.191488,-91.58796,14.776475,0.2839274,0.055,0.11,24.627459,73.88237,427.0,,42
19269152,19269160,31.232622,-91.639595,229.93478,0.08458825,0.04,0.08,383.22464,1149.674,13977.0,,42
19051640,19051664,31.068722,-91.47687,1.7455615,0.72854835,0.06,0.12,2.909269,8.727807,2882.0,,43
19051688,19051730,31.059164,-91.300156,2.6449296,0.6065062,0.06,0.12,4.408216,13.224648,2914.0,,43
19051766,19051776,31.032217,-91.38306,2.0219305,0.68280643,0.06,0.12,3.3698843,10.1096525,3228.0,,43
19051782,19051776,31.023396,-91.36016,2.1063147,0.6706001,0.06,0.12,3.5105245,10.531573,3141.0,,43
19051788,19051816,31.025602,-91.32784,2.0866807,0.67337656,0.06,0.12,3.477801,10.433403,3169.0,,43
19051804,19051822,31.026506,-91.53639,1.9394791,0.69546384,0.06,0.12,3.2324653,9.697395,2570.0,,43
19051806,19051822,31.022764,-91.542015,1.3800712,0.8081151,0.06,0.12,2.3001184,6.900356,1701.0,,43
19051848,19052506,31.001852,-91.13649,1.5032394,0.7782046,0.06,0.12,2.505399,7.516197,403.0,,43
19052556,19052572,30.988544,-91.18924,1.4095968,0.80060315,0.06,0.12,2.349328,7.047984,2116.0,,43
19105505,19105495,31.090715,-91.54308,2.2294307,0.6540026,0.06,0.12,3.7157178,11.147154,2967.0,,43
19105521,19105495,31.086554,-91.5443,1.1866118,0.86379606,0.06,0.12,1.9776863,5.9330587,3651.0,,43
19269052,19269054,31.05632,-91.519775,1.9274695,0.69737226,0.06,0.12,3.212449,9.637347,2771.0,,43
19269186,19269038,31.130356,-91.599205,2.2040021,0.6573208,0.06,0.12,3.673337,11.020011,2169.0,,43
19051642,19051664,31.060291,-91.48563,2.118845,0.6688476,0.06,0.12,3.5314083,10.594225,493.0,,43
19051720,19051768,31.036783,-91.41713,2.0055249,0.685265,0.06,0.12,3.3425415,10.027624,809.0,,43
19051786,19051816,31.021496,-91.3148,2.5493882,0.616431,0.06,0.12,4.24898,12.746941,984.0,,43
19051942,19051718,31.046602,-91.24906,3.2800486,0.55156946,0.06,0.12,5.4667478,16.400244,2440.0,,43
25732022,19085265,30.83936,-91.61697,0.6275833,1.1440818,0.06,0.12,1.0459722,3.1379166,244.0,,43
19269050,19269054,31.059038,-91.53154,2.60703,0.6103805,0.06,0.12,4.34505,13.03515,638.0,,43
19269156,19269034,31.160864,-91.62356,3.5710664,0.5312672,0.06,0.12,5.951777,17.855331,406.0,,43
19370248,19269152,31.271297,-91.61326,3.870844,0.51270604,0.06,0.12,6.4514065,19.35422,1346.0,,43
19051686,19051730,31.06173,-91.28993,3.855655,0.5135961,0.06,0.12,6.4260917,19.278275,3929.0,,43
19051710,19051718,31.04679,-91.23865,3.4713464,0.537947,0.06,0.12,5.7855773,17.356731,2463.0,,43
19052558,19052572,30.988539,-91.193855,3.885851,0.5118315,0.06,0.12,6.476418,19.429255,3052.0,,43
19051716,19051768,31.039011,-91.41382,5.710171,0.4318955,0.055,0.11,9.516952,30.0,117.0,,43
19105347,19105445,31.12784,-91.55423,3.2385523,0.55467635,0.06,0.12,5.3975873,16.19276,1415.0,,43
19051764,19051776,31.026941,-91.36876,6.0422893,0.4212566,0.055,0.11,10.070482,30.211447,1425.0,,43
19051852,19052578,31.001434,-91.17391,6.4410653,0.40954474,0.055,0.11,10.735108,32.205326,297.0,,43
19105345,19105445,31.140411,-91.55553,3.2701938,0.5523022,0.06,0.12,5.450323,16.35097,3398.0,,43
19269022,19269150,31.208624,-91.58547,14.775619,0.28393468,0.055,0.11,24.62603,73.87809,3893.0,,43
19269144,19269152,31.264256,-91.547844,229.93329,0.08458849,0.04,0.08,383.22214,1149.6664,14489.0,,43
19051558,19051686,31.086828,-91.293846,2.1249478,0.66799945,0.06,0.12,3.5415797,10.62474,2711.0,,44
19051620,19051642,31.070753,-91.484955,1.5258871,0.77308756,0.06,0.12,2.5431452,7.6294355,1976.0,,44
19051622,19051642,31.067978,-91.49114,1.747152,0.7282556,0.06,0.12,2.91192,8.73576,1831.0,,44
19051632,19051942,31.062662,-91.25396,2.267221,0.64917076,0.06,0.12,3.7787015,11.336104,1664.0,,44
19051634,19051942,31.063772,-91.26427,2.2406626,0.6525542,0.06,0.12,3.7344377,11.203313,3014.0,,44
19051646,19051710,31.065535,-91.239746,1.6322197,0.7504496,0.06,0.12,2.7203662,8.1610985,2556.0,,44
19051726,19051720,31.036081,-91.42852,1.5992976,0.7572262,0.06,0.12,2.6654959,7.996488,1758.0,,44
19051736,19051764,31.035496,-91.35076,2.8486147,0.5869766,0.06,0.12,4.747691,14.243073,4194.0,,44
19051742,19051720,31.031942,-91.42992,1.38707,0.80631363,0.06,0.12,2.3117833,6.93535,2072.0,,44
19051752,19051786,31.033163,-91.31269,2.1564436,0.66367745,0.06,0.12,3.5940726,10.782218,1932.0,,44
19051754,19051786,31.031052,-91.322075,1.7035127,0.7364281,0.06,0.12,2.8391876,8.517563,2427.0,,44
19051840,19051852,31.009684,-91.18181,2.0231266,0.6826283,0.06,0.12,3.371878,10.115634,2313.0,,44
19052510,19052558,30.99518,-91.215034,2.8684149,0.5851855,0.06,0.12,4.7806916,14.342074,2960.0,,44
19269046,19269050,31.0664,-91.53376,1.3053783,0.8281982,0.06,0.12,2.1756306,6.5268917,1537.0,,44
19269030,19269156,31.163782,-91.62397,3.4207544,0.54144263,0.06,0.12,5.701257,17.103773,308.0,,44
19269044,19269050,31.064236,-91.52823,2.4228044,0.6304378,0.06,0.12,4.0380073,12.114021,1060.0,,44
19369976,19370248,31.275585,-91.59901,3.7875564,0.51764977,0.06,0.12,6.312594,18.937782,2952.0,,44
19051556,19051686,31.078732,-91.28379,2.9282627,0.5798786,0.06,0.12,4.880438,14.641314,825.0,,44
19051644,19051710,31.056606,-91.233505,3.0116644,0.57273835,0.06,0.12,5.0194407,15.058322,476.0,,44
19052508,19052558,30.99833,-91.20168,2.9477317,0.5781858,0.06,0.12,4.912886,14.738659,429.0,,44
19051712,19051716,31.04646,-91.41287,4.684562,0.4713148,0.055,0.11,7.8076034,30.0,1577.0,,44
19051714,19051716,31.04137,-91.415306,4.3224607,0.48834288,0.06,0.12,7.2041016,21.612305,507.0,,44
19105655,19105347,31.125751,-91.54653,3.0828066,0.5668692,0.06,0.12,5.138011,15.414033,342.0,,44
19269142,19269144,31.317026,-91.51082,6.8188596,0.3993746,0.06,0.12,11.364765,34.094296,480.0,,44
19051734,19051764,31.031399,-91.36618,5.78461,0.42943466,0.055,0.11,9.641016,30.0,246.0,,44
19051838,19051852,31.00464,-91.17283,6.3627763,0.4117603,0.055,0.11,10.604628,31.813883,485.0,,44
167166590,19105345,31.149933,-91.54178,1.464,0.78733873,0.06,0.12,2.44,7.32,122.0,,44
19269146,19269022,31.236912,-91.55787,14.765665,0.28401908,0.055,0.11,24.609442,73.82832,4636.0,,44
19269140,19269144,31.316074,-91.50896,229.93022,0.08458899,0.04,0.08,383.217,1149.6511,157.0,,44
19051626,19051644,31.07291,-91.23681,2.3653858,0.63714415,0.06,0.12,3.9423099,11.826929,3423.0,,45
19051708,19051714,31.0437,-91.428604,1.76009,0.725889,0.06,0.12,2.9334834,8.80045,2581.0,,45
19051724,19051734,31.04935,-91.3773,2.7571998,0.5954842,0.06,0.12,4.595333,13.785999,6169.0,,45
19269042,19269044,31.07243,-91.51937,1.7157784,0.7341008,0.06,0.12,2.8596306,8.578892,1779.0,,45
19269048,19269044,31.062368,-91.51657,1.8547044,0.7093131,0.06,0.12,3.091174,9.273521,2037.0,,45
19269184,19269030,31.168676,-91.625435,3.4130611,0.54198074,0.06,0.12,5.688435,17.065306,819.0,,45
19370244,19369976,31.283312,-91.58899,1.2946591,0.8312164,0.06,0.12,2.1577654,6.4732957,213.0,,45
19051550,19051556,31.082975,-91.28145,2.3051262,0.6444394,0.06,0.12,3.841877,11.525631,486.0,,45
19051552,19051556,31.081411,-91.27633,2.1619222,0.66293496,0.06,0.12,3.6032035,10.80961,890.0,,45
19051624,19051644,31.062521,-91.2303,2.2756236,0.6481121,0.06,0.12,3.792706,11.3781185,1161.0,,45
19051670,19051712,31.063044,-91.40048,3.4112408,0.5421083,0.06,0.12,5.6854014,17.056204,5406.0,,45
19051854,19052508,31.006872,-91.20626,2.840842,0.5876846,0.06,0.12,4.7347364,14.204209,2010.0,,45
19051830,19051838,31.007412,-91.16226,2.905108,0.5819131,0.06,0.12,4.8418465,14.52554,2084.0,,45
19051672,19051712,31.059156,-91.41672,3.849903,0.5139345,0.06,0.12,6.4165053,19.249516,2364.0,,45
19051702,19051714,31.045988,-91.42131,4.206187,0.49425322,0.06,0.12,7.0103116,21.030933,2376.0,,45
19105363,19105655,31.12404,-91.54578,3.051573,0.56942165,0.06,0.12,5.085955,15.257865,88.0,,45
19269020,19269142,31.32121,-91.51578,6.8037715,0.3997651,0.06,0.12,11.339619,34.018856,881.0,,45
19051722,19051734,31.040821,-91.36374,5.5517607,0.4372896,0.055,0.11,9.252934,30.0,2743.0,,45
19051818,19051838,31.007195,-91.1713,6.126058,0.4187055,0.055,0.11,10.210097,30.630291,192.0,,45
19269148,19269146,31.217342,-91.53102,14.632885,0.28515324,0.055,0.11,24.388142,73.16442,4662.0,,45
19113016,19269140,31.31615,-91.505684,22.680431,0.23502442,0.05,0.1,37.80072,113.40216,607.0,,45
19269936,19269140,31.352232,-91.4956,229.8442,0.08460296,0.04,0.08,383.07367,1149.221,8147.0,,45
19051546,19051550,31.09116,-91.27794,1.7213573,0.73305017,0.06,0.12,2.868929,8.606787,1632.0,,46
19051548,19051550,31.091917,-91.287285,1.8603483,0.7083629,0.06,0.12,3.1005807,9.301742,1986.0,,46
19051554,19051552,31.081427,-91.26333,1.9829055,0.6887027,0.06,0.12,3.3048425,9.914528,1774.0,,46
19051568,19051670,31.087132,-91.38516,2.330648,0.6413165,0.06,0.12,3.884413,11.653239,3401.0,,46
19051570,19051670,31.088535,-91.39847,2.2471156,0.6517268,0.06,0.12,3.7451928,11.235579,3459.0,,46
19051594,19051624,31.076134,-91.22613,1.6607503,0.74473435,0.06,0.12,2.7679172,8.303751,2106.0,,46
19051596,19051624,31.071196,-91.22114,1.5555031,0.76655895,0.06,0.12,2.5925052,7.7775154,1602.0,,46
19051606,19051672,31.072723,-91.42616,1.7654008,0.72492486,0.06,0.12,2.9423347,8.8270035,2553.0,,46
19051676,19051702,31.05952,-91.425865,1.6794832,0.7410581,0.06,0.12,2.7991385,8.397416,2294.0,,46
19051684,19051722,31.055603,-91.36696,2.1208103,0.6685741,0.06,0.12,3.534684,10.604052,2484.0,,46
19051794,19051854,31.023859,-91.21597,2.3896794,0.63427836,0.06,0.12,3.982799,11.948397,2937.0,,46
19051812,19051818,31.02001,-91.180885,2.5556312,0.6157662,0.06,0.12,4.259385,12.778156,4206.0,,46
19051828,19051830,31.009914,-91.14932,2.0974343,0.6718512,0.06,0.12,3.495724,10.487171,2289.0,,46
19051850,19051830,31.002338,-91.15362,2.0140014,0.6839911,0.06,0.12,3.356669,10.070007,577.0,,46
19105437,19105363,31.11442,-91.542206,2.971269,0.57616067,0.06,0.12,4.9521146,14.856344,2439.0,,46
19051604,19051672,31.072393,-91.41772,3.5622377,0.5318477,0.06,0.12,5.9370627,17.811188,1452.0,,46
19051678,19051702,31.052557,-91.433105,4.025075,0.50394416,0.06,0.12,6.7084584,20.125376,1158.0,,46
19105629,19105363,31.12497,-91.54004,1.2401385,0.8471447,0.06,0.12,2.0668976,6.2006927,1379.0,,46
19269138,19269020,31.335344,-91.53867,6.794974,0.39999336,0.06,0.12,11.324957,33.97487,4671.0,,46
19051682,19051722,31.05142,-91.35604,5.3633065,0.44400305,0.055,0.11,8.938845,30.0,1257.0,,46
19051810,19051818,31.013294,-91.1688,5.9616065,0.42376238,0.055,0.11,9.936011,30.0,1600.0,,46
19123026,19269936,31.382858,-91.46087,6.893677,0.39745653,0.06,0.12,11.489462,34.468388,1856.0,,46
19269154,19269148,31.17486,-91.53374,14.508652,0.28622788,0.055,0.11,24.181087,72.54326,4680.0,,46
19113000,19113016,31.316002,-91.4943,22.679653,0.23502798,0.05,0.1,37.799423,113.39826,1595.0,,46
19269130,19269936,31.424614,-91.49891,229.8411,0.08460346,0.04,0.08,383.0685,1149.2054,12771.0,,46
19051564,19051604,31.08315,-91.415665,1.4191766,0.7982144,0.06,0.12,2.3652942,7.095883,1657.0,,47
19051650,19051682,31.07223,-91.36678,2.6395187,0.6070545,0.06,0.12,4.399198,13.197594,5715.0,,47
19051654,19051678,31.065193,-91.43861,1.824219,0.7145184,0.06,0.12,3.040365,9.121095,2515.0,,47
19052522,19051850,30.99553,-91.15153,1.8047265,0.717913,0.06,0.12,3.0078773,9.023632,1196.0,,47
19105665,19105437,31.10626,-91.54591,2.3286479,0.6415594,0.06,0.12,3.8810797,11.643239,365.0,,47
19051566,19051604,31.082163,-91.419945,3.2658584,0.5526255,0.06,0.12,5.443097,16.329292,2063.0,,47
19051784,19051810,31.017384,-91.161,3.1384048,0.5624166,0.06,0.12,5.2306747,15.692024,2347.0,,47
19269122,19269130,31.480824,-91.514305,2.5527418,0.6160736,0.06,0.12,4.2545695,12.763709,808.0,,47
19051656,19051678,31.055246,-91.4398,3.8083959,0.5163982,0.06,0.12,6.3473263,19.041979,367.0,,47
19112994,19113000,31.317297,-91.48604,5.1823435,0.4507776,0.06,0.12,8.6372385,25.911716,115.0,,47
19269136,19269138,31.36128,-91.5653,6.357523,0.41191036,0.06,0.12,10.595872,31.787615,3521.0,,47
19051648,19051682,31.059206,-91.346954,5.074786,0.4549679,0.055,0.11,8.457976,30.0,2458.0,,47
19051778,19051810,31.02103,-91.17232,5.60963,0.4352936,0.055,0.11,9.349383,30.0,717.0,,47
19123028,19123026,31.39213,-91.45887,6.8645873,0.39819872,0.06,0.12,11.440978,34.322937,221.0,,47
19269158,19269154,31.154898,-91.5454,14.477983,0.2864952,0.055,0.11,24.129972,72.389915,589.0,,47
19113006,19113000,31.313423,-91.47996,22.577625,0.23549595,0.05,0.1,37.629375,112.88813,1555.0,,47
19269124,19269130,31.489347,-91.51754,229.84038,0.08460358,0.04,0.08,383.06732,1149.2019,2446.0,,47
19051538,19051566,31.101051,-91.41519,2.6019049,0.6109106,0.06,0.12,4.3365083,13.009524,3849.0,,48
19051540,19051566,31.095947,-91.42505,2.2422304,0.65235287,0.06,0.12,3.7370505,11.211152,1730.0,,48
19051674,19051656,31.052357,-91.45287,2.1798542,0.6605234,0.06,0.12,3.6330903,10.899271,2658.0,,48
19051746,19051784,31.031675,-91.151215,1.7969342,0.7192847,0.06,0.12,2.9948905,8.984672,2099.0,,48
19051750,19051778,31.031948,-91.18116,2.2343705,0.6533643,0.06,0.12,3.7239509,11.171853,3213.0,,48
19051744,19051784,31.025381,-91.14686,2.6511683,0.6058762,0.06,0.12,4.418614,13.255841,2023.0,,48
19269012,19269122,31.48655,-91.50921,2.4791474,0.62407607,0.06,0.12,4.131912,12.395737,835.0,,48
19051652,19051656,31.058771,-91.444984,3.4482274,0.5395352,0.06,0.12,5.747046,17.241137,1815.0,,48
19112394,19112994,31.321901,-91.48293,5.1817656,0.45079976,0.06,0.12,8.636276,25.908829,1148.0,,48
19269132,19269136,31.378378,-91.568146,3.0479083,0.5697236,0.06,0.12,5.079847,15.239541,337.0,,48
19269134,19269136,31.396338,-91.57721,5.9690504,0.42352915,0.06,0.12,9.948418,29.845253,4664.0,,48
19051598,19051648,31.071852,-91.33917,3.75357,0.5197124,0.06,0.12,6.25595,18.76785,1702.0,,48
19051600,19051648,31.068363,-91.346146,4.1231837,0.49861836,0.06,0.12,6.871973,20.61592,110.0,,48
19051748,19051778,31.030819,-91.16803,5.455472,0.440678,0.055,0.11,9.092453,30.0,1829.0,,48
19123016,19123028,31.408756,-91.454575,6.6027656,0.40508923,0.06,0.12,11.004609,33.01383,4428.0,,48
19269188,19269158,31.151758,-91.54224,14.443445,0.28679726,0.055,0.11,24.072409,72.217224,356.0,,48
19113010,19113006,31.306665,-91.46836,22.307123,0.23675157,0.05,0.1,37.17854,111.535614,1467.0,,48
19113008,19113006,31.3077,-91.47501,7.186514,0.3902283,0.055,0.11,11.977523,35.932568,52.0,,48
19268290,19269124,31.524612,-91.49352,229.84033,0.084603585,0.04,0.08,383.06723,1149.2017,7268.0,,48
19051592,19051600,31.078579,-91.356804,2.359724,0.63781816,0.06,0.12,3.9328732,11.79862,4180.0,,49
19051614,19051652,31.078362,-91.446495,2.2820756,0.6473031,0.06,0.12,3.8034594,11.410378,4156.0,,49
19051630,19051598,31.066027,-91.331795,1.7081739,0.7355408,0.06,0.12,2.8469565,8.540869,2014.0,,49
19051732,19051744,31.03407,-91.133255,2.0972114,0.67188275,0.06,0.12,3.4953523,10.486057,2338.0,,49
19269182,19269012,31.48902,-91.503685,2.082168,0.67402,0.06,0.12,3.47028,10.41084,425.0,,49
19051616,19051652,31.063993,-91.45014,2.9369853,0.5791182,0.06,0.12,4.894975,14.684926,890.0,,49
19051706,19051748,31.049547,-91.1832,3.049095,0.5696258,0.06,0.12,5.081825,15.245474,5150.0,,49
19112372,19112394,31.341042,-91.47566,3.1289978,0.56316197,0.06,0.12,5.2149963,15.644989,4737.0,,49
19113002,19113010,31.309868,-91.461586,2.3182306,0.6428297,0.06,0.12,3.8637176,11.591153,57.0,,49
19112370,19112394,31.332241,-91.46678,4.720971,0.4697077,0.06,0.12,7.868285,23.604855,3271.0,,49
19269018,19269132,31.380917,-91.56515,3.0359926,0.570709,0.06,0.12,5.0599875,15.179963,473.0,,49
19269128,19269134,31.429228,-91.55361,5.6141505,0.43513897,0.06,0.12,9.356917,28.070751,4656.0,,49
19051578,19051598,31.0734,-91.33247,3.3963482,0.5431557,0.06,0.12,5.6605806,16.98174,43.0,,49
19051590,19051600,31.076902,-91.34806,3.829709,0.5151283,0.06,0.12,6.3828483,19.148544,2411.0,,49
19051704,19051748,31.039652,-91.16759,5.0129685,0.45743462,0.055,0.11,8.354947,30.0,645.0,,49
19123024,19123016,31.425323,-91.45038,6.417956,0.41019467,0.06,0.12,10.696593,32.08978,1169.0,,49
19269192,19269188,31.150045,-91.54102,4.1255236,0.49849358,0.06,0.12,6.875872,20.627617,107.0,,49
19269190,19269188,31.15033,-91.54103,14.317621,0.28790647,0.055,0.11,23.862703,71.58811,77.0,,49
19113004,19113010,31.308157,-91.446495,22.295216,0.23680736,0.05,0.1,37.15869,111.476074,2997.0,,49
19112424,19113008,31.306768,-91.47427,7.186473,0.39022925,0.055,0.11,11.977455,35.932365,220.0,,49
19268288,19268290,31.538074,-91.45754,229.83986,0.08460366,0.04,0.08,383.06644,1149.1993,465.0,,49
19051544,19051590,31.093029,-91.35555,1.992555,0.6872293,0.06,0.12,3.320925,9.962775,3294.0,,50
19051588,19051706,31.074461,-91.19781,1.9590106,0.6923962,0.06,0.12,3.2650177,9.7950535,1771.0,,50
19051608,19051616,31.082756,-91.458145,2.7129924,0.5997457,0.06,0.12,4.5216537,13.564961,4586.0,,50
19051610,19051616,31.066612,-91.45937,1.5755615,0.762238,0.06,0.12,2.625936,7.877808,1899.0,,50
19051612,19051578,31.066984,-91.32548,1.5626397,0.76501244,0.06,0.12,2.6043994,7.8131986,2050.0,,50
19051700,19051704,31.042246,-91.15289,2.181301,0.66033006,0.06,0.12,3.635502,10.906507,3121.0,,50
19112336,19112370,31.339602,-91.4547,2.5276885,0.6187601,0.06,0.12,4.212814,12.638442,1888.0,,50
19112754,19113002,31.321095,-91.464806,2.3182306,0.6428297,0.06,0.12,3.8637176,11.591153,3322.0,,50
19112292,19112370,31.347227,-91.45964,4.2961254,0.4896613,0.06,0.12,7.160209,21.480627,562.0,,50
19112438,19112424,31.302784,-91.46977,2.6712494,0.6038625,0.06,0.12,4.452082,13.356247,1027.0,,50
19269126,19269128,31.42354,-91.53269,4.186929,0.49525484,0.06,0.12,6.9782157,20.934647,622.0,,50
19269196,19269018,31.384562,-91.55997,3.011333,0.5727662,0.06,0.12,5.0188885,15.056664,808.0,,50
19051576,19051578,31.074738,-91.33012,3.2739549,0.55202216,0.06,0.12,5.4565916,16.369774,542.0,,50
19112996,19113004,31.314697,-91.43358,3.3888981,0.5436822,0.06,0.12,5.648164,16.94449,38.0,,50
19051542,19051590,31.087915,-91.34255,3.4646273,0.538407,0.06,0.12,5.774379,17.323135,908.0,,50
19051698,19051704,31.042719,-91.16585,4.8282905,0.46507275,0.055,0.11,8.047151,30.0,284.0,,50
19123014,19123024,31.461899,-91.445305,6.271767,0.41438574,0.06,0.12,10.452946,31.358835,8768.0,,50
19105275,19269192,31.148905,-91.53526,4.1047964,0.4996025,0.06,0.12,6.8413277,20.523983,1289.0,,50
19122186,19268288,31.538452,-91.45116,8.988562,0.35354832,0.055,0.11,14.980936,50.0,806.0,,50
19105261,19269190,31.15292,-91.53622,14.31759,0.28790677,0.055,0.11,23.86265,71.587944,1032.0,,50
19112998,19113004,31.314627,-91.4288,22.261005,0.23696785,0.05,0.1,37.101673,111.30502,940.0,,50
19112758,19112424,31.296587,-91.46936,7.050007,0.3935439,0.055,0.11,11.750011,35.250034,2547.0,,50
19268286,19268288,31.554306,-91.42739,229.83418,0.08460458,0.04,0.08,383.05698,1149.1709,6515.0,,50
